entity,age-months
src/modules/orders/models/mocks/Order.ts,0
package-lock.json,0
src/modules/bids-deprecated/events/BidEvents.ts,0
.nvmrc,0
src/modules/marketplace/types/interfaces.ts,0
src/modules/bids-deprecated/services/BiddingClient.ts,0
src/modules/orders/services/transformers/chartering-transformers.ts,0
src/modules/orders/events/OrderRepository.spec.ts,0
src/modules/accept-now-deprecated/events/AcceptNowEventConsumer.ts,0
Dockerfile.e2e,0
src/modules/accept-now-deprecated/events/AcceptNowEventConsumer.spec.ts,0
src/modules/orders/components/order-details/order-content/order-load-details/__tests__/OrderDetailsExpectedCost.spec.ts,0
src/modules/orders/components/order-details/order-content/OrderDetailsContent.spec.ts,0
src/modules/orders/types/interfaces.ts,0
src/modules/marketplace/models/TransportOffers.ts,0
README.md,0
src/bootstrap.ts,0
src/modules/next-load-suggestions-deprecated/app/order-next-suggestions/NextLoadSuggestionRow.spec.ts,0
src/modules/orders/mocks/marketplace.mocks.ts,0
src/modules/orders/services/transformers/chartering-transformers.spec.ts,0
src/modules/bids-deprecated/events/BidEventConsumer.ts,0
src/App.vue,0
src/modules/accept-now-deprecated/models/mocks/accept-now-mock.ts,0
src/modules/orders/events/mocks/OrderRepository.ts,0
webpack/webpack.common.js,0
src/modules/orders/events/OrderRepository.ts,0
src/modules/orders/mocks/transport-offers.mock.ts,0
src/modules/orders/mocks/orders.mock.ts,0
src/modules/bids-deprecated/services/mocks/BiddingClient-mock.ts,0
src/modules/accept-now-deprecated/services/AcceptNowService.ts,0
src/modules/orders/events/OrderEventConsumer.ts,0
sndt.json,0
src/modules/accept-now-deprecated/services/AcceptNowService.spec.ts,0
src/modules/orders/events/OrderEvents.ts,0
src/integrations/monitoring.ts,0
src/modules/orders/services/transformers/marketplace-transformers.spec.ts,0
src/modules/accept-now-deprecated/events/AcceptNowEvents.ts,0
src/tracking/helpers.spec.ts,0
package.json,0
src/common/base/mocks.ts,0
src/modules/accept-now-deprecated/models/accept-now.ts,0
src/integrations/sentry.ts,0
src/modules/orders/events/OrderEventConsumer.spec.ts,0
src/tracking/helpers.ts,0
.gitlab-ci.yml,0
src/common/compositions/useFeatureFlag.spec.ts,0
src/modules/bids-deprecated/events/BidEventConsumer.spec.ts,0
src/common/types/interfaces.ts,0
src/modules/transport-offers/services/CarrierLoadService.ts,0
src/modules/orders/services/transformers/marketplace-transformers.ts,0
src/modules/orders/components/order-details/order-content/order-load-details/OrderDetailsExpectedCost.vue,0
src/modules/orders/services/transformers/common-transformers.ts,0
webpack/webpack.prod.js,0
src/common/config/config.ts,0
src/modules/bids-deprecated/services/BiddingClient.spec.ts,0
catalog-info.yaml,0
src/styles/coral-fixed.css,0
src/modules/orders/components/order-details/order-content/OrderDetailsContent.vue,0
src/common/http/axios-client.ts,1
src/filters/services/RouterService.ts,1
src/filters/services/FilterRepository.ts,1
src/modules/bids-deprecated/services/BiddingLegacyOrderService.ts,1
src/modules/orders/store/__tests__/actions.spec.ts,1
src/common/components/OrderDistance.vue,1
src/modules/marketplace/components/orders/__tests__/MarketplaceOrderRow.spec.ts,1
src/modules/orders/services/MarketplaceClient.spec.ts,1
src/common/shell/di/index.ts,1
src/modules/transport-offers/services/CarrierLoadService.spec.ts,1
src/modules/bids-deprecated/app/bidding-block/useBidInAcceptedState.spec.ts,1
src/common/base/helpers.ts,1
src/modules/marketplace/models/mocks/index.ts,1
src/modules/orders/services/marketplace-transformers.spec.ts,1
src/filters/ui/useFilters.ts,1
src/modules/marketplace/components/orders/useZeroResultsRecommendedOrdersHook.ts,1
src/filters/application/use-cases/FilterDropOffRadiusUseCase.ts,1
src/filters/di/index.ts,1
src/common/http/http-client.spec.ts,1
src/modules/bids-deprecated/app/bid-table-cell/OrderListBid.spec.ts,1
src/modules/transport-offers/feature-flags.ts,1
src/orchestrated/auth.ts,1
src/modules/bids-deprecated/models/mocks/BidActions.ts,1
src/common/compositions/mocks/useFeatureFlag-mock.ts,1
.env.prod,1
src/modules/marketplace/models/mocks/Orders.ts,1
src/filters/application/use-cases/FilterPickupRadiusUseCase.ts,1
src/modules/marketplace/store/mutations.ts,1
src/modules/bids/services/BiddingCarrierService.spec.ts,1
src/common/services/RouterRepository.ts,1
src/modules/bids/services/BiddingService.spec.ts,1
src/experiments/price-guidance/components/PriceGuidanceBanner.spec.ts,1
src/store/actions.ts,1
src/modules/next-load-suggestions-deprecated/composition/useNextLoadSuggestions.ts,1
src/filters/application/use-cases/FilterLocationSearchUseCase.ts,1
src/local-setup.ts,1
src/modules/bids/services/BiddingCharteringService.spec.ts,1
src/common/application/ports.ts,1
src/modules/filters/services/SavedLaneClient.ts,1
src/modules/bids-deprecated/services/BiddingOrderService.ts,1
src/modules/orders/components/order-details/__tests__/OrderDetailsPage.spec.ts,1
src/modules/orders/components/common/OrderRoute.vue,1
src/modules/filters/models/Filter.ts,1
src/common/di/container.ts,1
src/modules/bids-deprecated/services/BiddingLegacyOrderService.spec.ts,1
src/filters/di/container.ts,1
src/modules/next-load-suggestions-deprecated/composition/useNextLoadSuggestions.spec.ts,1
src/di/container.ts,1
src/modules/orders/components/order-details/order-content/order-load-details/order-map/__tests__/OrderDetailsMap.spec.ts,1
Makefile,1
renovate.json,1
src/common/http/http-client.ts,1
.env.uat,1
src/modules/marketplace/types/storeTypes.ts,1
src/filters/application/use-cases/FilterByPickupLocationUseCase.ts,1
src/modules/accept-now-deprecated/app/AcceptNowConfirmDialog.vue,1
src/modules/orders/mocks/MarketplaceClient.mock.ts,1
src/modules/orders/services/marketplace-transformers.ts,1
src/marketplace-shared-data.ts,1
src/modules/bids-deprecated/services/BiddingOrderService.spec.ts,1
src/modules/bids-deprecated/models/mocks/Bid.ts,1
src/modules/marketplace/di/index.ts,1
src/filters/application/index.ts,1
src/experiments/use-auth-v4/featureFlags.ts,1
src/modules/filters/components/filter-list/FilterCard.vue,1
src/modules/orders/base/helpers.ts,1
src/modules/filters/components/filter-add/FilterAdd.vue,1
src/common/base/mixins/__tests__/refreshDialogMixin.spec.ts,1
src/common/types/feature-flags.ts,1
src/modules/bids-deprecated/composition/useAvailableBidActions.spec.ts,1
src/modules/next-load-suggestions-deprecated/app/order-next-suggestions/__tests__/NextLoadSuggestions.spec.ts,1
src/common/http/models/mocks/http-client-mock.ts,1
src/modules/marketplace/store/index.ts,1
src/modules/filters/components/filter-add/FilterAdd.spec.ts,1
src/modules/marketplace/models/mocks/ZeroResultsRecommendedOrders.ts,1
src/modules/marketplace/di/container.ts,1
src/routes.ts,1
.env.dev,1
jest.base.config.ts,1
src/modules/bids/services/BiddingCharteringService.ts,1
src/modules/bids-deprecated/app/bidding-block/useBiddingBlock.ts,1
src/modules/marketplace/store/actions.spec.ts,1
src/modules/transport-offers/services/CharteringLoadService.ts,1
src/filters/application/useFilters.spec.ts,1
src/modules/next-load-suggestions-deprecated/app/order-next-suggestions/OrderRouteTableCells.vue,1
src/modules/marketplace/components/orders/__tests__/OrderRouteTableCells.spec.ts,1
src/common/compositions/useFeatureFlag.ts,1
src/modules/filters/components/common/AddressTypeAhead.vue,1
src/modules/marketplace/store/mutations.spec.ts,1
src/filters/repositories/FilterRepository.ts,1
src/routes.spec.ts,1
src/modules/transport-offers/services/mocks/index.ts,1
src/modules/marketplace/components/orders/useZeroResultsRecommendedOrdersHook.spec.ts,1
.env.e2e,1
src/modules/tender/components/tender-details/tender-content/tender-load-details/TenderContractInfo.vue,1
src/modules/orders/services/CarrierOrderService.spec.ts,1
src/modules/filters/services/SavedLaneClient.spec.ts,1
src/modules/marketplace/store/getters.spec.ts,1
src/modules/orders/base/__tests__/helpers.spec.ts,1
src/filters/application/use-cases/FilterByDropOffLocationUseCase.ts,1
src/modules/bids-deprecated/services/IBiddingService.ts,1
src/modules/bids-deprecated/services/mocks/BiddingService-mock.ts,1
src/filters/application/use-cases/FilterByVehicleTypeUseCase.ts,1
src/modules/marketplace/components/orders/MarketplaceZeroResultsRecommendations.vue,1
src/modules/filters/components/common/AddressTypeAhead.spec.ts,1
src/modules/marketplace/store/actions.ts,1
src/modules/bids-deprecated/services/errors/BiddingServiceErrors.ts,1
src/modules/bids-deprecated/composition/useBids.spec.ts,1
src/modules/marketplace/components/orders/OrderRouteTableCells.vue,1
src/modules/bids/services/BiddingCarrierService.ts,1
src/modules/bids-deprecated/models/BidActions.ts,1
src/filters/application/useFilters.ts,1
src/filters/ui/useFilters.spec.ts,1
src/common/http/axios-client.spec.ts,1
src/common/mocks/loadBundlesMock.ts,1
src/modules/accept-now-deprecated/app/AcceptNowConfirmDialog.spec.ts,1
src/modules/next-load-suggestions-deprecated/app/order-next-suggestions/NextLoadSuggestionRow.vue,1
src/filters/application/use-cases/FilterLocationSearchUseCase.spec.ts,1
src/modules/bids-deprecated/store/actions.spec.ts,1
src/modules/marketplace/store/actions-types.ts,1
src/modules/bids/services/BiddingService.ts,1
src/modules/bids-deprecated/app/bidding-block/cancel-bid-dialog/CancelBidDialog.vue,1
src/modules/orders/events/OrderEventKeys.ts,1
src/modules/orders/services/CarrierOrderService.ts,1
src/modules/marketplace/store/mocks/getters.ts,1
src/modules/bids-deprecated/app/bid-table-cell/actions/OrderListBidActions.vue,1
src/common/http/errors/GenericServiceErrors.spec.ts,1
src/modules/orders/services/MarketplaceClient.ts,1
src/modules/bids-deprecated/models/Bid.ts,1
src/modules/transport-offers/services/CharteringLoadService.spec.ts,1
src/modules/bids-deprecated/app/bidding-block/cancel-bid-dialog/CancelBidDialog.spec.ts,1
src/modules/transport-offers/services/LoadService.spec.ts,1
src/common/mocks/orderIdMapping.mock.ts,1
src/modules/marketplace/store/getters.ts,1
src/filters/application/ports.ts,1
src/modules/marketplace/components/orders/MarketplaceOrderList.vue,1
src/modules/accept-now-deprecated/app/accept-now-action/AcceptNowAction.vue,1
src/modules/bids-deprecated/store/actions.ts,1
src/modules/transport-offers/services/mocks/LoadService.mock.ts,1
src/modules/bids-deprecated/app/bidding-block/BiddingBlock.vue,1
src/modules/bids-deprecated/composition/useLowestBidPrice.spec.ts,1
src/filters/mocks/index.ts,1
src/modules/accept-now-deprecated/app/AcceptNowContent.spec.ts,1
src/modules/orders/store/actions.ts,1
src/modules/bids-deprecated/services/index.ts,1
src/modules/orders/services/MarketplaceOrderService.spec.ts,1
src/modules/orders/base/dependencies.ts,1
src/modules/marketplace/components/orders/MarketplaceZeroResultsRecommendations.spec.ts,1
src/modules/transport-offers/services/LoadService.ts,1
src/modules/orders/services/MarketplaceOrderService.ts,1
src/modules/orders/components/order-details/order-content/order-load-details/order-route-details/__tests__/verticalStepper.spec.ts,1
src/modules/marketplace/components/orders/MarketplaceOrderRow.vue,1
src/modules/orders/mocks/MarketplaceService.mock.ts,1
src/modules/tender/components/tender-details/tender-content/tender-load-details/__tests__/TenderContractInfo.spec.ts,1
src/modules/accept-now-deprecated/app/AcceptNowContent.vue,1
src/common/components/VehicleTypes.vue,2
src/modules/bids-deprecated/app/bidding-block/BiddingBlock.spec.ts,2
src/filters/services/FilterStorageService.ts,2
src/modules/bids-deprecated/app/bidding-block/bid-form/BidForm.vue,2
src/modules/marketplace/tracking/SearchRepository.ts,2
src/experiments/accept-now/VariantA.ts,2
src/common/components/NonAccessPlaceholder.spec.ts,2
src/experiments/accept-now/VariantB.ts,2
src/modules/accept-now-deprecated/composition/useAcceptNow.ts,2
src/orchestrator-setup.ts,2
src/modules/orders/components/order-details/order-content/order-load-details/order-route-details/OrderDetailsStops.vue,2
src/experiments/time-auction/components/TimeAuction.spec.ts,2
src/modules/next-load-suggestions-deprecated/app/order-next-suggestions/NextLoadSuggestions.vue,2
src/common/components/NonAccessPlaceholder.vue,2
src/common/compositions/useInterval.spec.ts,2
src/experiments/accept-now/VariantC.ts,2
src/experiments/accept-now/useAcceptNowExperiment.ts,2
src/experiments/accept-now/ExperimentVariation.ts,2
src/common/http/errors/GenericServiceErrors.ts,2
src/experiments/accept-now/components/NumberOfBids.vue,2
src/experiments/accept-now/components/NumberOfBids.spec.ts,2
src/modules/accept-now-deprecated/app/accept-now-action/AcceptNowAction.spec.ts,2
src/common/compositions/index.ts,2
tsconfig.json,2
src/common/mocks/sharedData.ts,2
src/experiments/time-auction/useTimeAuction.ts,2
src/modules/bids-deprecated/app/bidding-block/bidding-statuses/useBiddingStatus.spec.ts,2
src/modules/orders/components/order-details/order-content/useSelectedOrder.spec.ts,2
src/common/compositions/useRoute.ts,2
src/modules/accept-now-deprecated/app/accept-now-block/AcceptNowBlock.vue,2
src/modules/orders/components/order-details/order-content/useSelectedOrder.ts,2
src/modules/bids-deprecated/composition/useAvailableBidActions.ts,2
src/experiments/accept-now/components/AcceptNowBanner.spec.ts,2
src/modules/bids-deprecated/app/bidding-block/useBiddingBlock.spec.ts,2
src/modules/marketplace/components/orders/MarketplaceTable.vue,2
src/modules/orders/components/order-details/OrderDetailsPage.vue,2
src/modules/bids-deprecated/app/bidding-block/bid-form/BidForm.spec.ts,2
src/setup-jest.ts,2
src/common/base/helpers.spec.ts,2
src/modules/orders/components/order-details/order-header/OrderDetailsPagination.spec.ts,2
src/modules/bids-deprecated/composition/useBidActions.ts,2
src/filters/responsibility.md,2
src/common/components/__tests__/VehicleTypes.spec.ts,2
src/orchestrated/shared-data.ts,2
src/experiments/accept-now/ControlGroup.ts,2
src/modules/accept-now-deprecated/events/AcceptNowRepository.ts,2
src/filters/application/use-cases/FilterByLocationUseCase.ts,2
src/modules/filters/store/mutations.ts,2
src/experiments/time-auction/mocks/useTimeAuction.ts,2
src/modules/orders/services/errors/OrderServiceErrors.ts,2
src/modules/filters/components/filter-add/FilterActions.vue,2
src/modules/tender/services/BiddingTenderService.ts,2
src/modules/marketplace/components/orders/MarketplaceTableTitles.vue,2
src/modules/bids-deprecated/composition/mocks/useBidActions.ts,2
src/modules/tender/components/tender-details/TenderDetails.vue,2
src/modules/filters/components/filter-add/useSavedFilters.ts,2
src/modules/orders/components/order-details/order-header/OrderDetailsPagination.vue,2
src/common/compositions/useInterval.ts,2
src/experiments/accept-now/components/NumberOfBidsHeader.vue,2
src/modules/filters/components/filter-add/responsibility.md,2
src/common/http/request-manager.spec.ts,2
src/experiments/accept-now/components/AcceptNowBanner.vue,2
src/modules/accept-now-deprecated/composition/useAcceptNow.spec.ts,2
src/common/http/mocks/index.ts,2
src/modules/accept-now-deprecated/app/accept-now-block/AcceptNowBlock.spec.ts,2
src/filters/application/use-cases/LocationUseCase.ts,2
src/modules/accept-now-deprecated/app/accept-now-block/useAcceptNowBlock.ts,2
src/marketplace/Marketplace sequence and interaction between components.md ,2
src/modules/bids-deprecated/composition/useBidActions.spec.ts,2
src/modules/accept-now-deprecated/composition/mocks/useAcceptNow.ts,2
src/modules/orders/services/errors/OrderServiceErrors.spec.ts,2
src/modules/filters/components/filter-add/Approach_for_refactoring.md,2
src/common/http/request-manager.ts,2
src/modules/bids-deprecated/app/bid-table-cell/actions/OrderListBidActions.spec.ts,2
src/modules/accept-now-deprecated/events/AcceptNowRepository.spec.ts,2
rspack/rspack.config.js,2
src/experiments/accept-now/useAcceptNowExperiment.spec.ts,2
src/modules/tender/components/tender-details/tender-content/tender-bids/__tests__/TenderBidChange.spec.ts,2
src/modules/accept-now-deprecated/constants.ts,2
src/modules/marketplace/tracking/SearchRepository.spec.ts,2
src/experiments/accept-now/mocks/useAcceptNowExperiment.ts,2
src/modules/filters/models/mocks/Filter.ts,2
src/modules/orders/store/getters.ts,2
src/experiments/accept-now/featureFlags.ts,2
src/modules/tender/services/BiddingTenderService.spec.ts,2
src/experiments/time-auction/useTimeAuction.spec.ts,2
src/common/http/mocks/headers.mocks.ts,2
src/modules/tender/components/tender-details/tender-content/tender-bids/TenderBidChange.vue,2
src/modules/filters/featureFlags.ts,2
src/modules/marketplace/components/orders/MarketplaceOrderList.spec.ts,2
src/modules/marketplace/components/MarketplaceTabs.spec.ts,2
src/modules/bids-deprecated/app/bid-table-cell/OrderListBid.vue,2
src/modules/orders/components/order-details/order-content/order-load-details/order-route-details/__tests__/OrderDetailsStops.spec.ts,2
src/experiments/use-auth-v4/useAuthV4.ts,2
src/modules/marketplace/components/MarketplaceTabs.vue,2
src/filters/application/use-cases/FilterByVehicleTypeUseCase.spec.ts,2
src/experiments/time-auction/components/TimeAuction.vue,2
.editorconfig,2
src/modules/filters/store/getters.ts,2
src/modules/tender/components/tender-details/tender-content/tender-bids/__tests__/TenderWeekLoadChooser.spec.ts,3
src/modules/bids-deprecated/app/bidding-block/bidding-statuses/index.ts,3
src/modules/bids-deprecated/app/bidding-block/accepted-state/index.ts,3
src/modules/bids-deprecated/app/bidding-block/bidding-statuses/bid-status/BiddingStatus.spec.ts,3
src/modules/marketplace/components/MarketplaceAllLoads.spec.ts,3
src/modules/bids/store/mocks/index.ts,3
src/modules/bids/models/Bid.ts,3
src/modules/bids/store/mocks/getters.ts,3
src/modules/bids/services/mocks/BiddingClient-mock.ts,3
src/marketplace/domain/services/SearchRepository.ts,3
src/modules/tender/components/tender-details/__tests__/TenderError.spec.ts,3
src/modules/bids-deprecated/app/bidding-block/awaiting-matching-confirmation-state/index.ts,3
src/common/components/TermsAndConditions.spec.ts,3
src/modules/marketplace/components/orders/__tests__/OrderPalletExchangeTableCell.spec.ts,3
src/experiments/time-auction/featureFlags.ts,3
src/modules/bids/events/BidEventConsumer.spec.ts,3
src/modules/bids-deprecated/app/bidding-block-actions/BiddingBlockActions.spec.ts,3
src/application/displayTruckLoads.spec.ts,3
src/modules/transport-offers/mocks/index.ts,3
src/modules/accept-now/events/AcceptNowRepository.spec.ts,3
src/modules/bids/store/index.ts,3
webpack/moduleFederationConfig.js,3
src/modules/accept-now/events/AcceptNowRepository.ts,3
src/modules/transport-offers/models/index.ts,3
src/modules/bids-deprecated/composition/useBids.ts,3
src/modules/bids/composition/useBidActions.spec.ts,3
src/modules/transport-offers/detail/components/index.ts,3
src/modules/accept-now/events/AcceptNowEventKeys.ts,3
src/modules/accept-now/events/AcceptNowEventConsumer.spec.ts,3
src/modules/filters/components/filter-bar/RefreshOrders.spec.ts,3
src/modules/bids/services/BiddingOrderService.ts,3
src/modules/bids-deprecated/app/bidding-block/bid-form/useBidForm.ts,3
src/modules/bids/app/bidding-block/accepted-state/AcceptedState.spec.ts,3
src/modules/bids-deprecated/store/getters.ts,3
src/modules/next-load-suggestions/app/order-next-suggestions/NextLoadSuggestionRow.spec.ts,3
src/modules/bids/app/bidding-block/awaiting-matching-confirmation-state/AwaitingMatchingConfirmationState.spec.ts,3
src/modules/filters/components/filter-details/FilterComponent.spec.ts,3
src/modules/bids/store/getters.ts,3
src/modules/bids/events/BidRepository.ts,3
src/modules/bids/app/bidding-block/useBidInAcceptedState.ts,3
src/modules/bids/events/mocks/BidRepository.ts,3
src/modules/transport-offers/list/store/index.ts,3
src/modules/accept-now/composition/useAcceptNow.ts,3
src/marketplace/application/displayTruckloads.ts,3
src/modules/bids/app/bid-table-cell/actions/OrderListBidActions.spec.ts,3
src/modules/bids-deprecated/events/BidEventKeys.ts,3
src/modules/marketplace/components/orders/complementary-loads/composition/index.ts,3
src/modules/bids/app/bid-table-cell/OrderListBid.spec.ts,3
src/modules/accept-now-deprecated/models/mocks/index.ts,3
src/modules/accept-now/composition/useAcceptNowNotification.ts,3
src/modules/bids/composition/useAvailableBidActions.ts,3
src/modules/bids/models/mocks/index.ts,3
src/modules/marketplace/components/orders/complementary-loads/ComplementaryLoads.vue,3
src/modules/bids/services/errors/BiddingServiceErrors.ts,3
src/modules/accept-now-deprecated/composition/useAcceptNowNotification.spec.ts,3
src/modules/accept-now/featureFlags.ts,3
src/modules/next-load-suggestions-deprecated/featureFlags.ts,3
src/experiments/time-auction/components/TimeAuctionHeader.vue,3
src/modules/bids-deprecated/app/bidding-block/bid-form/index.ts,3
src/modules/bids/models/BidActions.ts,3
src/modules/bids/app/bidding-block/bidding-statuses/index.ts,3
src/modules/accept-now/app/AcceptNowConfirmDialog.vue,3
src/modules/tender/components/tender-details/tender-content/__tests__/TenderRoute.spec.ts,3
src/modules/accept-now-deprecated/app/accept-now-action/index.ts,3
src/modules/accept-now/events/AcceptNowEventConsumer.ts,3
src/modules/bids-deprecated/services/errors/index.ts,3
src/modules/bids/models/BidCondition.spec.ts,3
src/modules/tender/components/tender-details/tender-content/tender-bids/__tests__/TenderBidChangeDialog.spec.ts,3
src/modules/accept-now-deprecated/events/AcceptNowEventKeys.ts,3
src/modules/bids/services/BiddingOrderService.spec.ts,3
src/modules/bids-deprecated/base/helpers.spec.ts,3
src/modules/bids-deprecated/models/mocks/index.ts,3
src/modules/marketplace/components/Marketplace.spec.ts,3
src/modules/bids/app/bidding-block/bidding-statuses/BiddingStatuses.vue,3
src/modules/next-load-suggestions/composition/useNextLoadSuggestions.spec.ts,3
src/modules/bids/composition/useBids.spec.ts,3
src/modules/bids/models/index.ts,3
src/modules/filters/components/filter-add/DateRangePicker.spec.ts,3
src/modules/accept-now/events/AcceptNowEvents.ts,3
src/modules/tender/tender.mocks.ts,3
src/modules/bids/app/bidding-block/useCancelBidDialog.ts,3
src/orchestrated/router.ts,3
src/modules/bids/app/bidding-block/accepted-state/AcceptedState.vue,3
src/modules/bids/models/mocks/ResponseWrapper.ts,3
src/modules/bids-deprecated/app/bidding-block/useBidInAwaitingMatchingConfirmationState.ts,3
src/orchestrated/tenants.ts,3
src/modules/bids-deprecated/app/bidding-block/awaiting-matching-confirmation-state/AwaitingMatchingConfirmationState.vue,3
src/modules/bids/composition/index.ts,3
src/modules/transport-offers/detail/store/index.ts,3
src/marketplace/services/TruckLoadStorage.ts,3
src/modules/bids/featureFlags.ts,3
src/common/base/mixins/__tests__/RefreshDialogTestComponent.vue,3
src/modules/bids/app/bidding-block/cancel-bid-dialog/CancelBidDialog.vue,3
src/modules/accept-now/app/accept-now-block/index.ts,3
src/modules/bids-deprecated/store/mutations.ts,3
src/modules/bids/store/getters.spec.ts,3
src/modules/bids/app/bid-table-cell/actions/OrderListBidActions.vue,3
src/modules/accept-now/app/accept-now-block/AcceptNowBlock.vue,3
src/orchestrated/segment.ts,3
src/modules/bids/app/bidding-block/bid-form/useBidForm.ts,3
src/modules/bids/app/bid-table-cell/OrderListBid.vue,3
src/modules/transport-offers/services/index.ts,3
src/modules/accept-now-deprecated/featureFlags.ts,3
src/modules/bids/app/bid-table-cell/status/useBidStatus.ts,3
src/modules/next-load-suggestions/app/order-next-suggestions/AlertModal.vue,3
src/modules/bids/app/bidding-block-actions/index.ts,3
src/modules/accept-now-deprecated/app/useAcceptNowConfirm.ts,3
src/modules/marketplace/components/LoadMore/__tests__/LoadMore.spec.ts,3
src/modules/marketplace/components/orders/complementary-loads/composition/useComplementaryLoads.spec.ts,3
src/modules/bids/events/mocks/index.ts,3
src/modules/bids/app/bidding-block/bid-form/BidForm.spec.ts,3
src/marketplace/application/displayTruckLoads.spec.ts,3
src/modules/bids/events/BidEventConsumer.ts,3
src/modules/filters/store/actions.spec.ts,3
src/modules/orders/components/order-details/order-content/order-load-details/__tests__/OrderDetailsSectionHeadline.spec.ts,3
src/orchestrated/logger.ts,3
src/modules/orders/mocks/store.mock.ts,3
src/modules/bids/app/bidding-block/index.ts,3
src/modules/accept-now/models/mocks/index.ts,3
src/modules/bids-deprecated/app/bidding-block/useCancelBidDialog.ts,3
src/modules/bids-deprecated/app/bidding-block/bidding-statuses/BiddingStatuses.vue,3
src/modules/tender/components/tender-details/tender-content/__tests__/TenderContent.spec.ts,3
src/modules/bids-deprecated/app/bid-table-cell/status/useBidStatus.spec.ts,3
src/modules/accept-now/composition/useAcceptNow.spec.ts,3
src/modules/bids/app/bidding-block/useBidInAwaitingMatchingConfirmationState.ts,3
src/modules/accept-now/events/mocks/AcceptNowRepository.ts,3
src/modules/next-load-suggestions/featureFlags.ts,3
src/modules/filters/components/filter-add/FilterActions.spec.ts,3
src/modules/bids/composition/useAvailableBidActions.spec.ts,3
src/modules/filters/components/filter-bar/Status.spec.ts,3
src/modules/accept-now-deprecated/app/index.ts,3
src/modules/bids-deprecated/services/errors/BiddingServiceErrors.spec.ts,3
src/orchestrated/languages.ts,3
src/modules/accept-now/events/index.ts,3
src/modules/orders/components/common/__tests__/OrderRouteStop.spec.ts,3
src/modules/marketplace/components/orders/__tests__/MarketplaceTable.spec.ts,3
src/modules/bids-deprecated/store/mocks/getters.ts,3
src/modules/accept-now/services/index.ts,3
src/marketplace/services/TruckLoadQuery.ts,3
src/modules/bids/base/helpers.spec.ts,3
src/modules/bids-deprecated/services/mocks/index.ts,3
src/application/ports.ts,3
src/modules/bids-deprecated/events/index.ts,3
src/modules/accept-now/app/AcceptNowContent.spec.ts,3
src/modules/filters/components/filter-edit/FilterEditDialog.spec.ts,3
src/modules/tender/components/tender-details/tender-content/tender-load-details/__tests__/TenderLoadDetails.spec.ts,3
src/modules/bids/services/mocks/BiddingService-mock.ts,3
src/modules/bids-deprecated/app/bidding-block/accepted-state/AcceptedState.spec.ts,3
src/services/TruckLoadStorage.ts,3
src/modules/bids/composition/useLowestBidPrice.spec.ts,3
src/modules/filters/components/filter-add/SaveFilterConfirmDialog.spec.ts,3
src/modules/bids/app/bidding-block/useBiddingBlock.ts,3
src/modules/next-load-suggestions-deprecated/app/order-next-suggestions/__tests__/AlertModal.spec.ts,3
src/modules/bids-deprecated/app/bidding-block/awaiting-matching-confirmation-state/AwaitingMatchingConfirmationState.spec.ts,3
src/modules/accept-now/app/AcceptNowContent.vue,3
src/modules/orders/components/common/__tests__/RouteAddress.spec.ts,3
src/modules/tender/components/tender-details/tender-content/tender-load-details/__tests__/TenderVehicles.spec.ts,3
src/modules/accept-now/app/accept-now-action/AcceptNowAction.spec.ts,3
src/modules/bids/app/bidding-block/bidding-statuses/bid-status/index.ts,3
src/modules/accept-now/app/accept-now-action/index.ts,3
src/modules/bids/app/bidding-block/bidding-statuses/useBiddingStatus.spec.ts,3
src/modules/bids-deprecated/app/bidding-block/bidding-statuses/useBiddingStatus.ts,3
src/modules/filters/components/filter-bar/Sorting.spec.ts,3
src/modules/bids/store/mutations.ts,3
src/modules/bids/store/mocks/store.ts,3
src/modules/tender/components/tender-details/tender-content/tender-load-details/__tests__/TenderSpecifications.spec.ts,3
src/modules/bids/app/bidding-block/awaiting-matching-confirmation-state/index.ts,3
src/modules/bids/store/actions.ts,3
src/modules/tender/components/tender-details/tender-content/tender-load-details/__tests__/HeaderSlot.spec.ts,3
src/modules/bids/models/BidCondition.ts,3
src/services/TruckLoadQuery.ts,3
src/App.spec.ts,3
src/modules/bids/services/errors/BiddingServiceErrors.spec.ts,3
src/modules/bids/models/mocks/Bid.ts,3
src/store/types.ts,3
src/modules/bids-deprecated/app/bidding-block/bid-form/useBidForm.spec.ts,3
src/modules/bids/services/IBiddingService.ts,3
src/modules/marketplace/components/orders/complementary-loads/ComplementaryLoadsHeader.vue,3
webpack/dev-config.js,3
src/modules/bids-deprecated/store/mutations.spec.ts,3
src/modules/transport-offers/list/components/index.ts,3
src/modules/bids-deprecated/composition/index.ts,3
src/modules/bids-deprecated/store/getters.spec.ts,3
src/modules/bids-deprecated/app/bidding-block/bidding-statuses/bid-status/index.ts,3
src/modules/tender/components/tender-details/tender-content/tender-load-details/__tests__/TenderRequirements.spec.ts,3
src/modules/orders/components/order-details/order-content/order-load-details/order-description/__tests__/OrderDetailsLoadSection.spec.ts,3
src/modules/filters/components/common/RadiusFilter.spec.ts,3
src/common/components/__tests__/TableNoResults.spec.ts,3
src/modules/bids-deprecated/models/BidCondition.spec.ts,3
src/modules/marketplace/components/orders/complementary-loads/composition/useComplementaryLoads.ts,3
src/modules/bids/app/bidding-block/bidding-statuses/bid-status/BidStatus.vue,3
src/modules/bids-deprecated/app/bid-table-cell/status/useBidStatus.ts,3
src/marketplace/application/ports.ts,3
src/modules/accept-now-deprecated/events/mocks/AcceptNowRepository.ts,3
src/modules/bids/app/bidding-block/bidding-statuses/useBiddingStatus.ts,3
src/modules/bids-deprecated/events/mocks/index.ts,3
src/modules/bids/app/bid-table-cell/status/OrderListBidStatus.spec.ts,3
src/modules/accept-now/models/mocks/accept-now-mock.ts,3
src/modules/next-load-suggestions-deprecated/app/order-next-suggestions/AlertModal.vue,3
src/modules/accept-now/services/AcceptNowService.spec.ts,3
src/modules/bids/app/bidding-block/awaiting-matching-confirmation-state/AwaitingMatchingConfirmationState.vue,3
src/modules/bids-deprecated/app/bidding-block/index.ts,3
src/modules/next-load-suggestions/app/order-next-suggestions/__tests__/NextLoadSuggestions.spec.ts,3
src/modules/bids/events/index.ts,3
src/modules/bids-deprecated/app/bidding-block/useCancelBidDialog.spec.ts,3
src/modules/accept-now-deprecated/models/index.ts,3
src/modules/bids/store/mutations.spec.ts,3
src/modules/accept-now-deprecated/composition/useAcceptNowNotification.ts,3
src/marketplace/services/UIErrorService.ts,3
src/modules/marketplace/components/orders/complementary-loads/composition/mocks/useComplementary.mocks.ts,3
src/modules/bids/app/bidding-block/bidding-statuses/bid-status/BiddingStatus.spec.ts,3
src/modules/tender/components/tender-details/__tests__/TenderDetails.spec.ts,3
src/marketplace/application/ApplicationFactory.ts,3
src/modules/bids/base/helpers.ts,3
src/modules/bids/app/bidding-block/bid-form/index.ts,3
src/modules/bids/services/mocks/index.ts,3
src/modules/bids/services/index.ts,3
src/modules/tender/components/tender-list/TenderList.spec.ts,3
src/modules/accept-now-deprecated/composition/index.ts,3
src/domain/services/SearchRepository.ts,3
src/modules/accept-now/composition/useAcceptNowNotification.spec.ts,3
src/modules/bids/app/bidding-block/bidding-statuses/BiddingStatuses.spec.ts,3
src/modules/bids/composition/useLowestBidPrice.ts,3
src/modules/next-load-suggestions/app/order-next-suggestions/__tests__/AlertModal.spec.ts,3
src/modules/bids/models/mocks/BidActions.ts,3
src/common/components/load-stops-list/__tests__/RouteNotes.spec.ts,3
src/modules/bids/store/mocks/state.ts,3
src/modules/bids-deprecated/app/bidding-block-actions/BiddingBlockActions.vue,3
src/modules/next-load-suggestions/app/order-next-suggestions/NextLoadSuggestionRow.vue,3
src/modules/bids/app/bidding-block/BiddingBlock.vue,3
src/modules/filters/components/filter-details/FilterMenus.spec.ts,3
src/modules/accept-now/models/accept-now-dialog.ts,3
src/modules/bids/app/bidding-block/useBiddingBlock.spec.ts,3
src/modules/bids/composition/useBids.ts,3
src/modules/bids-deprecated/events/BidRepository.ts,3
src/application/displayTruckloads.ts,3
src/modules/bids-deprecated/composition/useLowestBidPrice.ts,3
src/modules/accept-now-deprecated/app/accept-now-block/index.ts,3
src/experiments/time-auction/index.ts,3
src/modules/accept-now/app/accept-now-block/AcceptNowBlock.spec.ts,3
src/modules/filters/components/common/TypeAheadField.spec.ts,3
src/modules/accept-now-deprecated/events/mocks/index.ts,3
src/modules/bids/app/bid-table-cell/status/OrderListBidStatus.vue,3
src/modules/orders/components/order-details/test-helpers/OrderDetailsPageWrapper.ts,3
src/modules/bids-deprecated/models/index.ts,3
src/modules/next-load-suggestions/app/order-next-suggestions/NextLoadSuggestions.vue,3
src/modules/tender/components/tender-list/tender-table-row/TenderBidStatus.spec.ts,3
src/common/components/TermsAndConditions.vue,3
src/modules/bids/app/bidding-block-actions/BiddingBlockActions.vue,3
src/modules/bids/app/bidding-block/bid-form/useBidForm.spec.ts,3
src/modules/bids/store/actions.spec.ts,3
src/modules/tender/components/tender-list/TendersTable.spec.ts,3
src/modules/bids/app/bidding-block/BiddingBlock.spec.ts,3
src/modules/bids/app/bidding-block/bid-form/BidForm.vue,3
src/modules/accept-now/app/useAcceptNowConfirm.ts,3
src/modules/bids-deprecated/app/bid-table-cell/status/OrderListBidStatus.spec.ts,3
src/modules/tender/components/tender-list/TenderTableRow.spec.ts,3
src/modules/filters/components/common/VehicleTypesFilter.spec.ts,3
src/modules/bids-deprecated/store/mocks/state.ts,3
src/modules/bids/app/bidding-block-actions/BiddingBlockActions.spec.ts,3
src/modules/accept-now/app/accept-now-block/useAcceptNowBlock.ts,3
src/modules/accept-now/composition/index.ts,3
src/modules/bids/app/index.ts,3
src/modules/accept-now-deprecated/models/accept-now-dialog.ts,3
src/modules/accept-now/app/accept-now-action/AcceptNowAction.vue,3
src/application/ApplicationFactory.ts,3
src/modules/bids-deprecated/app/bidding-block-actions/index.ts,3
src/modules/bids-deprecated/app/bidding-block/accepted-state/AcceptedState.vue,3
src/modules/next-load-suggestions/app/order-next-suggestions/OrderRouteTableCells.vue,3
src/modules/bids-deprecated/store/mocks/store.ts,3
src/orchestrated/notifications.ts,3
src/modules/tender/components/tender-details/__tests__/Loader.spec.ts,3
src/common/components/__tests__/MapPlaceholder.spec.ts,3
src/modules/filters/store/actions.ts,3
src/modules/bids/app/bidding-block/useCancelBidDialog.spec.ts,3
src/modules/filters/components/filter-details/FilterDetails.spec.ts,3
src/modules/tender/components/tender-details/tender-content/tender-bids/__tests__/TenderPriceBidInput.spec.ts,3
src/modules/accept-now/models/index.ts,3
src/modules/filters/components/filter-list/FiltersCarousel.spec.ts,3
src/modules/accept-now-deprecated/events/index.ts,3
src/modules/bids/app/bidding-block/useBidInAcceptedState.spec.ts,3
src/common/components/RouteBackToButton.spec.ts,3
src/modules/bids/events/BidEventKeys.ts,3
src/modules/accept-now/models/accept-now.ts,3
src/modules/marketplace/components/orders/complementary-loads/ComplementaryLoads.spec.ts,3
src/services/UIErrorService.ts,3
src/modules/bids/app/bidding-block/accepted-state/index.ts,3
src/modules/filters/components/filter-details/FilterMenus.vue,3
src/modules/bids-deprecated/featureFlags.ts,3
src/modules/bids/services/errors/index.ts,3
jest.config.js,3
src/modules/accept-now/app/index.ts,3
src/modules/filters/components/filter-list/FilterList.spec.ts,3
src/modules/tender/components/tender-details/tender-content/__tests__/TenderMap.spec.ts,3
src/modules/tender/components/tender-details/tender-content/tender-bids/__tests__/TenderPlaceBid.spec.ts,3
src/modules/bids-deprecated/models/mocks/ResponseWrapper.ts,3
src/modules/bids/services/BiddingClient.spec.ts,3
src/modules/bids/events/BidEvents.ts,3
src/modules/accept-now/app/AcceptNowConfirmDialog.spec.ts,3
src/modules/bids-deprecated/store/mocks/index.ts,3
src/modules/bids-deprecated/models/BidCondition.ts,3
src/modules/bids-deprecated/app/bidding-block/useBidInAcceptedState.ts,3
src/experiments/price-guidance/usePriceGuidance.ts,3
src/modules/bids-deprecated/app/index.ts,3
src/modules/bids-deprecated/events/mocks/BidRepository.ts,3
src/modules/bids-deprecated/app/bidding-block/bidding-statuses/BiddingStatuses.spec.ts,3
src/modules/accept-now/events/mocks/index.ts,3
src/modules/bids/composition/useBidActions.ts,3
src/store/index.ts,3
src/modules/bids-deprecated/app/bidding-block/useBidInAwaitingMatchingConfirmationState.spec.ts,3
src/modules/bids-deprecated/app/bidding-block/confirm-bid-dialog/ConfirmBidDialog.vue,3
src/modules/design/components/Accordion.spec.ts,3
src/modules/tender/components/tender-details/tender-content/TenderBid.vue,3
src/common/components/load-stops-list/TimezoneAcronym.spec.ts,3
src/modules/accept-now-deprecated/app/useAcceptNowConfirm.spec.ts,3
src/modules/bids/services/BiddingClient.ts,3
src/modules/bids-deprecated/app/bid-table-cell/status/OrderListBidStatus.vue,3
src/modules/accept-now/services/AcceptNowService.ts,3
src/modules/bids/app/bidding-block/confirm-bid-dialog/ConfirmBidDialog.vue,3
src/modules/orders/components/order-details/order-content/order-load-details/order-description/__tests__/OrderDetailsDescription.spec.ts,3
src/modules/bids-deprecated/store/index.ts,3
src/modules/accept-now/app/useAcceptNowConfirm.spec.ts,3
src/modules/bids/app/bid-table-cell/status/useBidStatus.spec.ts,3
src/modules/accept-now-deprecated/services/index.ts,3
src/modules/bids/app/bidding-block/useBidInAwaitingMatchingConfirmationState.spec.ts,3
src/marketplace/ui/ComplementaryLoads.vue,3
src/modules/tender/components/tender-details/tender-content/__tests__/TenderBid.spec.ts,3
src/modules/next-load-suggestions/composition/useNextLoadSuggestions.ts,3
src/modules/bids-deprecated/base/helpers.ts,3
src/modules/bids-deprecated/app/bidding-block/bidding-statuses/bid-status/BidStatus.vue,3
src/modules/filters/components/filter-list/FilterList.vue,4
src/modules/filters/components/filter-details/FilterComponent.vue,4
src/common/compositions/mocks/index.ts,4
src/common/classes/DayDifference.ts,5
src/common/components/load-stops-list/TimezoneAcronym.vue,5
src/common/components/table-plankton/__tests__/TableCell.spec.ts,5
src/modules/orders/components/common/OrderRouteStop.vue,5
src/common/components/table-plankton/__tests__/TableRow.spec.ts,5
src/common/classes/__tests__/DayDifference.spec.ts,5
src/modules/orders/components/common/RouteAddress.vue,5
src/modules/orders/components/common/DayDifferenceExact.vue,5
src/common/components/DayDifference.vue,5
src/modules/filters/components/common/TypeAheadField.vue,5
src/common/components/table-plankton/TableRow.vue,5
src/modules/tender/components/tender-list/tender-table-row/TenderTableCellBidClosing.vue,5
src/common/components/table-plankton/TableCell.vue,5
src/modules/tender/classes/tender-details/ContractInfo.ts,5
src/common/components/table/TableCell.vue,5
src/modules/orders/components/order-details/order-content/order-load-details/order-route-details/VerticalStepper.vue,5
src/modules/filters/services/errors/FilterServiceErrors.ts,6
src/modules/marketplace/components/__tests__/Marketplace.spec.ts,6
src/common/components/FuelSurcharge.vue,6
src/modules/filters/components/SavedLanesNoResults.vue,6
src/modules/filters/components/filter-edit/SavedLaneEditDialog.spec.ts,6
src/modules/marketplace/components/MarketplaceSavedLanes.vue,6
src/modules/filters/store/index.ts,6
src/modules/filters/services/FilterService.ts,6
src/modules/filters/services/errors/FilterServiceErrors.spec.ts,6
src/modules/design/components/Accordion.vue,6
src/common/config/links.js,6
src/modules/filters/models/mocks/index.ts,6
src/common/classes/MarketplaceTab.ts,6
src/modules/marketplace/components/Marketplace.vue,6
src/modules/tender/components/tender-list/TendersTableEmpty.vue,6
src/modules/filters/store/mutation.spec.ts,6
src/modules/filters/components/filter-details/SavedLaneDetails.vue,6
src/modules/filters/components/filter-list/FiltersCarousel.vue,6
src/modules/marketplace/events/MarketplaceEventKeys.ts,6
src/modules/filters/models/serviceTypes.ts,6
src/modules/filters/store/getters.spec.ts,6
src/modules/filters/components/filter-details/SavedLane.spec.ts,6
src/modules/filters/components/filter-list/SavedLanesCarousel.vue,6
src/modules/marketplace/components/MarketplaceAllLanes.vue,6
src/modules/filters/events/FilterEventConsumer.spec.ts,6
src/modules/filters/components/filter-list/SavedLaneWithOrders.vue,6
src/modules/filters/services/SavedLaneService.spec.ts,6
src/modules/marketplace/base/dependencies.ts,6
src/modules/filters/components/filter-edit/SavedLaneEditDialog.vue,6
src/modules/filters/components/filter-bar/RefreshOrders.vue,6
src/modules/filters/services/mocks/SavedLaneClient-mock.ts,6
src/modules/filters/services/mocks/index.ts,6
src/modules/filters/events/FilterEvents.ts,6
src/modules/filters/components/filter-bar/useSorting.spec.ts,6
src/modules/filters/components/filter-bar/Sorting.vue,6
src/modules/marketplace/components/__tests__/MarketplaceTabs.spec.ts,6
src/modules/filters/models/filter-mappers.ts,6
src/modules/filters/components/filter-list/SavedLaneList.spec.ts,6
src/modules/filters/components/filter-details/SavedLane.vue,6
src/modules/filters/components/filter-list/SavedLaneCarousel.spec.ts,6
src/modules/filters/store/mocks/getters.ts,6
src/modules/marketplace/components/Banner.vue,6
src/experiments/price-guidance/components/PriceGuidanceBanner.vue,6
src/modules/filters/components/filter-bar/useSorting.ts,6
src/modules/marketplace/events/MarketplaceEvents.ts,6
src/modules/filters/services/errors/SavedLaneServiceErrors.ts,6
src/modules/filters/services/errors/SavedLaneServiceErrors.spec.ts,6
src/modules/tender/components/tender-list/TendersTable.vue,6
src/modules/tender/featureFlags.ts,6
src/modules/marketplace/featureFlags.ts,6
src/modules/filters/components/filter-add/SaveFilterConfirmDialog.vue,6
src/modules/filters/components/SavedLanes.vue,6
src/modules/filters/components/filter-details/SavedLaneDetails.spec.ts,6
src/modules/tender/base/dependencies.ts,6
src/modules/filters/services/SavedLaneService.ts,6
src/modules/tender/components/tender-list/TenderList.vue,6
src/modules/filters/services/FilterService.spec.ts,6
src/modules/tender/components/tender-list/TendersNoResults.vue,6
src/modules/tender/components/tender-details/tender-content/TenderContent.vue,6
src/modules/filters/components/SavedLanesNoResults.spec.ts,6
src/modules/filters/events/FilterEventConsumer.ts,6
src/modules/filters/base/helpers.ts,6
src/modules/marketplace/components/MarketplaceAllLoads.vue,6
src/modules/marketplace/events/MarketplaceEventConsumer.ts,6
src/modules/filters/components/filter-list/SavedLaneList.vue,6
src/modules/filters/services/mocks/FilterService-mock.ts,6
src/modules/filters/models/index.ts,6
src/modules/filters/components/filter-bar/Status.vue,6
src/modules/filters/components/common/RadiusFilter.vue,6
src/common/components/__tests__/FuelSurcharge.spec.ts,6
src/modules/filters/models/storeTypes.ts,6
src/modules/filters/models/interfaces.ts,6
src/modules/filters/components/filter-edit/FilterEditDialog.vue,6
src/modules/filters/models/enums.ts,6
src/modules/tender/components/tender-list/TendersNoResults.spec.ts,6
src/modules/filters/components/filter-details/FilterDetails.vue,6
src/modules/filters/models/mocks/savedLanes.mock.ts,6
src/modules/filters/components/common/DropdownFilter.spec.ts,7
src/modules/filters/components/filter-bar/MarketplaceListStatusBar.vue,7
src/modules/marketplace/components/table/Table.vue,7
src/modules/tender/components/tender-details/tender-content/tender-bids/TenderPlaceBid.vue,7
src/integrations/datadog.ts,7
src/common/events/SharedDataRepository.spec.ts,7
src/modules/tender/segmentEvents.ts,7
jest.base.config.js,7
src/modules/filters/events/FilterEventKeys.ts,7
src/modules/filters/components/filter-bar/ListStatusBar.vue,7
src/modules/filters/components/common/ResetInputButton.vue,7
src/modules/filters/models/constants.ts,7
src/modules/marketplace/events/MarketplaceEventConsumer.spec.ts,7
src/modules/filters/components/common/index.ts,7
src/modules/filters/components/filter-bar/MarketplaceListStatusBar.spec.ts,7
src/modules/filters/components/filter-add/SavedLaneConfirmDialog.spec.ts,7
src/modules/filters/components/common/VehicleTypesFilter.vue,7
jest.config.ts,7
src/modules/marketplace/helpers.ts,7
src/modules/orders/components/order-details/order-content/order-load-details/order-map/OrderDetailsMap.vue,7
src/modules/filters/components/filter-add/SavedLaneConfirmDialog.vue,7
src/notifications/notifications.ts,7
src/common/compositions/useRoute.spec.ts,7
src/modules/filters/components/common/DropdownFilter.vue,7
src/common/events/SharedDataRepository.ts,7
src/modules/filters/components/filter-add/DateRangePicker.vue,7
src/modules/filters/components/common/RadiusAddressWrapper.spec.ts,8
src/modules/filters/components/common/RadiusAddressWrapper.vue,8
src/modules/filters/components/filter-add/DsfDateRangePicker.spec.ts,8
src/modules/filters/components/filter-add/DsfDateRangePicker.vue,8
src/modules/filters/components/common/__tests__/RadiusAddressWrapper.spec.ts,9
src/common/filter/ListStatusBar.vue,9
src/modules/tender/components/tender-details/tender-content/tender-bids/TenderPriceBidInput.vue,9
src/modules/assignments/components/Assignments.spec.ts,9
src/assets/weight-hanging-solid.svg,9
src/modules/assignments/http/errors/__tests__/GenericServiceErrors.spec.ts,9
src/modules/filters/components/filter-list/__tests__/SavedLaneCarousel.spec.ts,9
src/modules/assignments/components/AssignmentsTableTitles.vue,9
src/modules/assignments/services/AssignmentService.ts,9
src/modules/assignments/components/assignmentDetailsDialog/OrderDetailsLoadSectionDetails.vue,9
src/common/types/userPermissions.ts,9
src/modules/assignments/http/interfaces/IRestService.ts,9
src/modules/marketplace/components/LoadMore/LoadMore.vue,9
src/modules/assignments/http/errors/GenericServiceErrors.ts,9
src/common/filter/__tests__/DateRangePicker.spec.ts,9
src/modules/filters/types/interfaces.ts,9
src/modules/assignments/types/constants.ts,9
src/modules/assignments/components/orders/__tests__/OrderRequirementsTableCell.spec.ts,9
src/common/components/load-stops-list/RouteNotes.vue,9
src/modules/assignments/common/TableTitlesWrapper.vue,9
src/modules/assignments/mocks/multiStop.ts,9
src/modules/assignments/http/interfaces/IGenericService.ts,9
src/modules/assignments/components/ValidityCounter.vue,9
src/modules/assignments/components/Status.vue,9
src/modules/marketplace/components/orders/OrderRecommendation.vue,9
src/modules/assignments/components/AssignmentsActionButtons.vue,9
src/common/types/enums.ts,9
src/modules/assignments/components/AssignmentRow.vue,9
src/modules/marketplace/types/enums.ts,9
src/modules/assignments/components/Assignments.vue,9
src/common/components/load-stops-list/__tests__/verticalStepper.spec.ts,9
src/common/components/load-stops-list/LoadStopsList.vue,9
src/modules/assignments/components/orders/OrderSpecificationsTableCell.vue,9
src/modules/bids/app/bidding-block/last-bid/LastBid.vue,9
src/common/segmentEvents.ts,9
src/modules/filters/components/common/__tests__/DropdownFilter.spec.ts,9
src/modules/assignments/components/orders/OrderId.vue,9
src/modules/assignments/http/RestService.ts,9
src/modules/marketplace/constants.ts,9
src/modules/assignments/components/orders/OrderRouteDropoff.vue,9
src/modules/filters/mocks/savedLanes.mock.ts,9
src/common/components/load-stops-list/__tests__/loadStopsList.spec.ts,9
src/modules/assignments/components/orders/__tests__/OrderRouteTableCells.spec.ts,9
src/common/filter/Status.vue,9
src/modules/assignments/types/interfaces.ts,9
src/common/http/casing.spec.ts,9
src/modules/assignments/store/getter-types.ts,9
src/modules/assignments/http/custom-errors.ts,9
src/modules/orders/models/mocks/Filter.ts,9
src/modules/assignments/components/orders/__tests__/OrderLoadDescriptionTableCell.spec.ts,9
src/modules/assignments/components/ListPagination.vue,9
src/modules/assignments/classes/__tests__/OrderAssignmentsResponse.spec.ts,9
src/modules/filters/components/common/__tests__/RadiusFilter.spec.ts,9
src/modules/assignments/http/__tests__/GenericService.spec.ts,9
src/modules/assignments/components/OrderDetailsTotalPrice.vue,9
src/common/filter/AddressTypeAhead.vue,9
src/modules/assignments/components/assignmentDetailsDialog/__tests__/OrderDetailsSectionHeadline.spec.ts,9
src/modules/assignments/mocks/orderAssignments.ts,9
src/modules/assignments/services/MothershipAssignmentService.ts,9
src/modules/filters/types/storeTypes.ts,9
src/modules/assignments/components/assignmentDetailsDialog/__tests__/OrderDetailsLoadSectionDetails.spec.ts,9
src/modules/filters/types/enums.ts,9
src/modules/assignments/services/__tests__/BffAssignmentService.spec.ts,9
src/common/components/load-stops-list/StopAccordion.vue,9
src/modules/filters/components/filter-list/__tests__/SavedLaneList.spec.ts,9
src/modules/assignments/base/dependencies.ts,9
src/modules/design/components/FallbackFetchAgain.vue,9
src/modules/assignments/components/assignmentDetailsDialog/OrderDetailsSectionHeadline.vue,9
src/modules/assignments/common/__tests__/Table.spec.ts,9
src/modules/assignments/services/backendClient.ts,9
src/modules/assignments/types/enums.ts,9
src/modules/assignments/components/orders/OrderRoutePickup.vue,9
src/common/components/RouteBackToButton.vue,9
src/modules/assignments/components/assignmentDetailsDialog/OrderDetailsDialogHeadline.vue,9
src/common/http/casing.ts,9
src/modules/assignments/components/orders/__tests__/ContactTableCell.spec.ts,9
src/modules/marketplace/tracking/mocks/SearchRepository.ts,9
src/modules/assignments/components/AssignmentsFilters.vue,9
src/modules/assignments/components/orders/__tests__/OrderIdTableCell.spec.ts,9
src/common/components/load-stops-list/ShowLess.vue,9
src/common/filter/ResetInputButton.vue,9
src/modules/assignments/components/orders/OrderLoadDescriptionTableCell.vue,9
src/modules/filters/components/filter-details/__tests__/SavedLane.spec.ts,9
src/modules/assignments/components/assignmentDetailsDialog/__tests__/OrderDetailsLoadSection.spec.ts,9
src/modules/filters/types/interface.ts,9
src/modules/assignments/common/Table.vue,9
src/assets/roundtrip.svg,9
src/modules/assignments/http/helpers.ts,9
src/modules/assignments/store/getters.ts,9
src/modules/filters/components/filter-add/__tests__/FilterAdd.spec.ts,9
src/common/filter/TypeAheadField.vue,9
src/common/types/constants.ts,9
src/modules/assignments/services/__tests__/AssignmentService.spec.ts,9
src/modules/assignments/http/GenericService.ts,9
src/common/http/loggers/index.ts,9
src/modules/assignments/components/orders/__tests__/OrderSpecificationsTableCell.spec.ts,9
src/modules/assignments/classes/OrderAssignment.ts,9
src/modules/assignments/services/__tests__/MothershipAssignmentService.spec.ts,9
src/modules/assignments/mocks/order.ts,9
src/modules/assignments/components/orders/__tests__/VehicleTypes.spec.ts,9
src/modules/assignments/components/orders/ContactTableCell.vue,9
src/modules/filters/base/dependencies.ts,9
src/modules/assignments/store/index.ts,9
src/modules/assignments/base/casing.ts,9
src/modules/filters/store/getter-types.ts,9
src/modules/filters/components/filter-bar/__tests__/Sorting.spec.ts,9
src/modules/assignments/components/orders/OrderIdTableCell.vue,9
src/modules/assignments/mocks/AssignmentService.mock.ts,9
src/modules/assignments/http/enums/apiErrors.ts,9
src/modules/tender/components/tender-list/tender-table-row/TenderTableCellYourBids.vue,9
src/modules/assignments/components/orders/OrderRequirements.vue,9
src/modules/assignments/components/assignmentDetailsDialog/OrderDetailsLoadSection.vue,9
src/modules/assignments/components/assignmentDetailsDialog/AssignmentDetailsView.vue,9
src/modules/tender/components/tender-details/TenderError.vue,9
src/modules/orders/models/mocks/index.ts,9
src/modules/tender/components/tender-details/TenderDetailsFloatingBlock.vue,9
src/modules/assignments/base/mixins/autoReload.ts,9
src/modules/assignments/store/action-types.ts,9
src/modules/assignments/components/orders/VehicleTypes.vue,9
src/modules/marketplace/store/mocks/state.ts,9
src/modules/assignments/segmentEvents.ts,9
src/modules/filters/components/filter-bar/__tests__/useSorting.spec.ts,9
src/common/filter/__tests__/AddressTypeAhead.spec.ts,9
src/modules/tender/components/tender-details/tender-content/tender-bids/TenderWeekLoadChooser.vue,9
src/modules/assignments/components/orders/LoadWeightSpecification.vue,9
src/modules/assignments/http/interfaces/IRestHeader.ts,9
src/modules/assignments/http/__tests__/helpers.spec.ts,9
src/modules/filters/components/filter-edit/__tests__/SavedLaneEditDialog.spec.ts,9
src/modules/filters/store/action-types.ts,9
src/modules/filters/components/filter-bar/__tests__/MarketplaceListStatusBar.spec.ts,9
src/modules/assignments/store/__tests__/actions.spec.ts,9
src/modules/assignments/http/interfaces/IGetService.ts,9
src/modules/filters/types/serviceTypes.ts,9
src/modules/assignments/store/mutations.ts,9
src/modules/assignments/http/errors/ErrorService.ts,9
src/modules/assignments/components/assignmentDetailsDialog/__tests__/AssignmentDetailsView.spec.ts,9
src/modules/assignments/common/__tests__/TableTitlesWrapper.spec.ts,9
src/modules/assignments/classes/OrderAssignmentsResponse.ts,9
src/modules/assignments/components/assignmentDetailsDialog/__tests__/OrderDetailsDialogHeadline.spec.ts,9
src/modules/filters/components/__tests__/SavedLanesNoResults.spec.ts,9
src/modules/assignments/components/ValidityCounter.spec.ts,9
src/modules/assignments/store/actions.ts,9
src/modules/assignments/components/orders/OrderRouteTableCells.vue,9
src/modules/assignments/mocks/sennderContact.mock.ts,9
src/common/components/load-stops-list/VerticalStepper.vue,9
src/modules/assignments/http/mocks/ServiceHelpers.ts,9
src/modules/assignments/components/AssignmentsFilters.spec.ts,9
src/modules/assignments/base/segmentEvents.ts,9
src/modules/filters/components/filter-details/__tests__/SavedLaneDetails.spec.ts,9
src/common/filter/__tests__/Status.spec.ts,9
src/modules/assignments/classes/__tests__/OrderAssignment.spec.ts,9
src/modules/assignments/mocks/store.mock.ts,9
src/modules/assignments/types/storeTypes.ts,9
src/modules/filters/store/mutations-types.ts,9
src/modules/assignments/components/assignmentDetailsDialog/__tests__/OrderDetailsTotalPrice.spec.ts,9
src/common/filter/__tests__/DsfDateRangePicker.spec.ts,9
src/modules/assignments/services/BffAssignmentService.ts,9
src/modules/assignments/components/assignmentDetailsDialog/OrderDetailsLoadContent.vue,9
src/modules/assignments/components/AssignmentRow.spec.ts,9
src/modules/assignments/store/mutations-types.ts,9
src/modules/assignments/components/orders/OrderRequirementsTableCell.vue,9
src/modules/assignments/components/orders/__tests__/LoadWeightSpecification.spec.ts,9
src/common/filter/DsfDateRangePicker.vue,9
src/modules/assignments/components/assignmentDetailsDialog/__tests__/OrderDetailsLoadContent.spec.ts,9
src/common/filter/DateRangePicker.vue,9
src/modules/assignments/types/serviceTypes.ts,9
src/modules/filters/components/filter-add/__tests__/SavedLaneConfirmDialog.spec.ts,9
src/modules/marketplace/components/LoadLockedPromoBanner.vue,9
src/__tests__/example.spec.ts,9
src/modules/marketplace/store/mocks/index.ts,10
src/modules/marketplace/store/mocks/store.ts,10
src/modules/orders/mocks/NLS-mock.ts,10
src/common/compositions/useWindow.spec.ts,10
src/common/compositions/useWindow.ts,10
src/modules/orders/classes/__tests__/OrderDetailsView.spec.ts,11
src/modules/orders/components/order-details/order-next-suggestions/AlertModal.vue,11
src/modules/orders/components/order-details/order-next-suggestions/__tests__/AlertModal.spec.ts,11
src/modules/orders/types/enums.ts,11
src/modules/orders/components/order-details/order-next-suggestions/__tests__/NextLoadSuggestions.spec.ts,11
src/notifications/notifications.spec.ts,11
src/modules/orders/components/order-details/order-next-suggestions/NextLoadSuggestionRow.vue,11
src/styles/style.scss,11
src/modules/orders/components/order-details/order-next-suggestions/NextLoadSuggestions.vue,11
src/modules/orders/classes/OrderDetailsView.ts,11
src/notifications/index.ts,11
src/modules/orders/components/order-details/order-next-suggestions/OrderRouteTableCells.vue,11
src/modules/bids/models/RegularBid.spec.ts,11
src/modules/orders/tracking/OrderListEvents.ts,12
src/modules/accept-now/events/AcceptNowEventBusEvents.ts,12
src/modules/bids/tracking/BidRepository.ts,12
src/modules/accept-now/tracking/AcceptNowEventKeys.ts,12
src/events/trackCustomEvent.spec.ts,12
src/events/index.ts,12
src/modules/bids/tracking/BidEventTracker.ts,12
src/modules/bids/tracking/BiddingEventKeys.ts,12
src/modules/orders/events/index.ts,12
src/events/mocks/index.ts,12
src/modules/accept-now/segmentEvents.ts,12
src/modules/bids/tracking/BidEventConsumer.ts,12
src/modules/bids/tracking/BidEvents.ts,12
src/event/EventBus.spec.ts,12
src/modules/orders/tracking/mocks/OrderRepository.ts,12
src/event/EventTracker.spec.ts,12
src/modules/orders/components/order-details/order-not-ready/index.ts,12
src/modules/bids/tracking/trackBidEvent.ts,12
src/events/EventBus.ts,12
src/modules/accept-now/tracking/AcceptNowEvents.ts,12
src/modules/orders/tracking/OrderDetailsEvents.ts,12
src/event-tracking/index.ts,12
src/modules/bids/tracking/mocks/index.ts,12
src/modules/orders/tracking/index.ts,12
src/tracking/segment.ts,12
src/modules/filters/events/index.ts,12
src/event/EventTracker.ts,12
src/modules/bids/events/BidEventBusEvents.ts,12
src/events/AmplitudeEvent.ts,12
src/modules/orders/events/mocks/index.ts,12
src/modules/accept-now/tracking/AcceptNowEventConsumer.ts,12
src/modules/orders/components/order-details/order-not-ready/OrderNotReady.vue,12
src/modules/orders/tracking/mocks/index.ts,12
src/event/TrackingEvent.ts,12
src/events/mocks/EventBus.ts,12
src/modules/marketplace/segmentEvents.ts,12
src/modules/bids/tracking/mocks/BidEventConsumer.ts,12
src/modules/accept-now/tracking/index.ts,12
src/events/mocks/TestEvent.ts,12
src/modules/bids/tracking/index.ts,12
src/event/mocks/TestEvent.ts,12
src/modules/tender/types/interfaces.ts,12
src/modules/marketplace/events/index.ts,12
src/events/trackCustomEvent.ts,12
src/modules/filters/segmentEvents.ts,12
src/event-tracking/mocks/EventBus.ts,12
src/modules/bids/tracking/mocks/BidRepository.ts,12
src/modules/orders/tracking/OrderRepository.ts,12
src/event/index.ts,12
src/modules/filters/events/FilterEventBusEvents.ts,12
src/modules/bids/tracking/BidEventConsumer.spec.ts,12
src/modules/marketplace/tracking/mocks/index.ts,12
src/event/mocks/EventBus.ts,12
src/modules/accept-now/tracking/mocks/AcceptNowEventConsumer.ts,12
src/event-tracking/EventBus.ts,12
src/modules/accept-now/AcceptNowEvent.ts,12
src/event/EventBus.ts,12
src/event/mocks/index.ts,12
src/modules/bids/tracking/trackBidEvent.spec.ts,12
src/event/trackCustomEvent.ts,12
src/modules/bids/tracking/BidEventBusEvents.ts,12
src/event/trackCustomEvent.spec.ts,12
src/modules/orders/events/OrderEventBusEvents.ts,12
src/events/TrackingEvent.ts,12
src/modules/accept-now/tracking/mocks/index.ts,12
src/events/EventBus.spec.ts,12
src/modules/orders/store/index.ts,13
src/common/mocks/vehicleTypes.mock.ts,13
src/store/getters.ts,13
src/modules/tender/classes/tender-details/TenderDetailsResponse.ts,13
src/store/mutations.ts,13
src/modules/orders/store/__tests__/mutations.spec.ts,13
src/common/compositions/useDomesticCarrier.ts,13
src/common/components/HereMap.vue,13
src/modules/orders/store/__tests__/getter.spec.ts,13
src/modules/orders/store/mutations.ts,13
src/modules/orders/types/storeTypes.ts,13
src/modules/marketplace/types/serviceTypes.ts,13
src/common/compositions/useTotalDistance.spec.ts,13
src/common/mocks/rootstore.mock.ts,13
src/common/types/ResponseWrapper.ts,13
src/modules/marketplace/tracking/index.ts,13
src/modules/tender/store/mutations.ts,13
src/common/base/constants.ts,13
src/common/compositions/useTotalDistance.ts,13
src/modules/bids/models/ResponseWrapper.ts,13
src/modules/orders/mocks/marketplaceService.mocks.ts,14
src/modules/tender/services/errors/TenderServiceError.spec.ts,14
src/common/services/errors/ErrorService.ts,14
src/common/services/interfaces/IRestHeader.ts,14
src/modules/filters/mocks/savedLanes.ts,14
src/modules/tender/components/tender-list/tender-table-row/TenderBidStatus.vue,14
src/common/services/VehicleTypesService.ts,14
src/modules/accept-now/services/mocks/AcceptNowService.ts,14
src/modules/tender/services/errors/TenderServiceError.ts,14
src/modules/bids/services/mocks/BiddingService.ts,14
src/common/services/custom-errors.ts,14
src/common/http/mocks/http-client.mocks.ts,14
src/modules/filters/services/SavedLaneOrderService.ts,14
src/common/compositions/useSmartBanner.ts,14
src/common/services/RestService.ts,14
src/common/http/errors/mocks/axios-error-mock.ts,14
src/modules/tender/services/TenerService.spec.ts,14
src/common/services/errors/__tests__/GenericServiceErrors.spec.ts,14
src/common/services/errors/RefreshDialogError.ts,14
src/modules/accept-now/services/mocks/index.ts,14
src/marketplace.ts,14
src/common/scripts/backendClient.ts,14
src/common/http/errors/custom-errors.ts,14
src/store/helpers.ts,14
src/modules/tender/types/serviceTypes.ts,14
src/modules/tender/services/TenderService.spec.ts,14
src/common/services/interfaces/IRestService.ts,14
src/modules/tender/store/actions.ts,14
src/common/services/__tests__/GenericService.spec.ts,14
src/common/services/SennderContactService.ts,14
src/common/services/interfaces/IGetService.ts,14
src/modules/tender/services/TenderClient.spec.ts,14
src/common/components/RefreshDialog.vue,14
src/common/services/enums/apiErrors.ts,14
src/common/compositions/useSmartBanner.spec.ts,14
src/modules/orders/types/serviceTypes.ts,14
src/modules/tender/services/TenderClient.ts,14
src/common/services/mocks/GenericService-mock.ts,14
src/modules/orders/services/__tests__/MarketplaceOrderService.spec.ts,14
src/common/services/helpers.ts,14
src/common/services/mocks/ServiceHelpers.ts,14
src/modules/marketplace/components/orders/useRecommendedLoads.ts,14
src/common/base/casing.ts,14
src/modules/tender/services/TenderService.ts,14
src/common/services/errors/GenericServiceErrors.ts,14
src/store/getter.spec.ts,14
src/common/services/interfaces/IGenericService.ts,14
src/modules/filters/services/SavedLaneOrderService.spec.ts,14
src/modules/marketplace/components/orders/useRecommendedLoads.spec.ts,14
src/common/services/__tests__/helpers.spec.ts,14
src/common/base/mixins/refreshDialogMixin.ts,14
src/common/services/GenericService.ts,14
src/common/http/errors/RefreshDialogError.ts,14
src/common/featureFlags.ts,14
src/modules/bids/services/BiddingRegularOrderService.spec.ts,15
src/modules/bids/services/BiddingSpotOrderService.ts,15
src/modules/currencies/currencies.ts,15
src/modules/currencies/formatCurrency.ts,15
src/modules/bids/services/BiddingSpotOrderService.spec.ts,15
src/modules/bids/models/SpotBid.spec.ts,15
webpack/webpack.e2e.js,15
src/modules/currencies/index.ts,15
src/common/http/errors/ErrorService.ts,15
src/modules/currencies/formatCurrency.spec.ts,15
src/modules/bids/services/BiddingRegularOrderService.ts,15
src/modules/orders/OrderEvent.ts,16
src/tracking/segmentEvents.ts,16
src/common/analytics/SegmentObserver.ts,16
src/modules/marketplace/analytics/SegmentObserver.ts,16
src/orchestrated/interface.ts,16
src/modules/orders/segmentEvents.ts,16
src/tracking/index.ts,16
src/modules/accept-now/app/AcceptNowSuccessDialog.vue,17
src/modules/accept-now/app/AcceptNowSuccessDialog.spec.ts,17
src/modules/design/index.ts,17
src/config.ts,17
src/tenant-permissions.ts,17
src/modules/assignments/components/__tests__/AssignmentsFilters.spec.ts,18
src/common/compositions/useUrlQueryParams.ts,18
src/modules/assignments/components/__tests__/AssignmentRow.spec.ts,18
src/modules/assignments/components/__tests__/ValidityCounter.spec.ts,18
src/modules/assignments/components/__tests__/Assignments.spec.ts,18
src/common/compositions/useUrlQueryParams.spec.ts,18
src/modules/orders/components/order-details/order-content/order-load-details/OrderDetailsSectionHeadline.vue,19
src/common/components/BackButton.vue,19
src/modules/assignments/services/CarrierAssignmentService.ts,19
public/index.html,19
src/modules/assignments/services/__tests__/CarrierAssignmentService.spec.ts,19
src/common/components/BackButton.spec.ts,19
src/common/components/index.ts,19
sonar-project.properties,19
src/common/base/orcas.ts,20
src/modules/orders/components/order-details/order-content/order-load-details/order-route-details/__tests__/loadStopsList.spec.ts,20
src/modules/design/components/Loader.vue,20
src/modules/bids/app/bid-details/cta-buttons/CTAButtons.vue,20
src/orchestrated/index.ts,20
src/modules/orders/components/order-details/order-content/order-mobile/OrderBidDialog.vue,20
src/orchestrated/README.md,20
src/modules/bids/app/bidding-block/bid-input/change-bid-condition/OrderChangeBidCondition.vue,20
src/orchestrated/error-handler.ts,20
src/common/base/compositions/notifications/usePushNotification.ts,20
src/modules/bids/app/bid-details/bid-input/change-bid-condition/OrderChangeBidCondition.vue,20
src/modules/filters/components/filter-bar/BundleOptionsFilterDropdown.vue,20
integration-tests/readme.md,20
src/common/base/notifications.ts,20
src/modules/bids/app/bid-details/OrderBid.vue,20
src/modules/marketplace/components/orders/OrderBundleTableCell.vue,20
src/modules/orders/components/order-details/order-content/order-mobile/__tests__/OrderBidDialog.spec.ts,20
src/modules/orders/components/order-details/order-content/order-load-details/order-map/OrderDetailsMapFixedHeight.vue,20
src/modules/marketplace/components/orders/__tests__/OrderBundleTableCell.spec.ts,20
src/modules/bids/app/bid-details/floating-block/OrderDetailsFloatingBlock.spec.ts,20
src/modules/bids/app/bid-details/OrderBidBlock.vue,20
src/modules/bids/app/bidding-block/useBiddingStatuses.ts,20
src/modules/marketplace/components/orders/__tests__/MarketplaceOrderList.spec.ts,20
src/common/base/compositions/notifications/usePushNotification.spec.ts,20
src/modules/bids/app/bid-details/OrderBid.spec.ts,20
src/types/sharedData.d.ts,20
src/modules/bids/app/bid-details/bid-input/BidInputWithCondition.spec.ts,20
src/modules/bids/app/bidding-block/bid-input/BidInputWithCondition.vue,20
src/modules/filters/components/filter-bar/__tests__/BundleOptionsFilterDropdown.spec.ts,20
src/modules/bids/app/bid-details/last-bid/LastBid.vue,20
src/orchestrated/sharedData.ts,20
src/modules/notifications/compositions/usePushNotification.spec.ts,20
src/modules/bids/composition/useAcceptNowNotification/useAcceptNowNotification.ts,20
src/assets/svgs/roundtrip.svg,20
src/modules/bids/composition/useAcceptNowNotification/useAcceptNowNotification.spec.ts,20
src/modules/notifications/compositions/usePushNotification.ts,20
src/modules/bids/app/bid-details/confirm-bid-dialog/ConfirmBidDialog.vue,20
src/modules/bids/app/bid-details/ChangeBid.spec.ts,20
src/modules/notifications/index.ts,20
src/modules/orders/components/order-details/order-header/__tests__/LoadBundlesTabs.spec.ts,20
src/modules/notifications/compositions/index.ts,20
src/modules/orders/components/order-details/order-content/order-load-details/order-description/OrderDetailsDescription.vue,20
src/modules/bids/app/bid-details/PlaceBid.spec.ts,20
src/modules/bids/app/bid-details/bid-input/BidInputWithCondition.vue,20
src/common/config/tenants.ts,20
src/modules/orders/components/order-details/order-header/LoadBundlesTabs.vue,20
src/modules/orders/components/order-details/order-header/Tooltip.vue,20
src/modules/orders/components/order-details/order-content/order-load-details/order-route-details/LoadStopsList.vue,20
src/modules/bids/app/bid-details/bid-input/change-bid-condition/OrderChangeBidCondition.spec.ts,20
src/modules/bids/app/bidding-block/useBiddingStatuses.spec.ts,20
src/modules/orders/featureFlags.ts,20
src/router.ts,20
src/modules/bids/app/bid-details/CancelBid.spec.ts,20
src/orchestrated/sentry.ts,20
mkdocs.yaml,20
src/modules/bids/app/bid-details/OrderBidBlock.spec.ts,20
src/modules/bids/app/bid-details/cancel-bid-dialog/CancelBidDialog.vue,20
src/modules/design/components/FloatingBlockOnScroll.vue,20
src/modules/bids/app/bid-details/floating-block/OrderDetailsFloatingBlock.vue,20
src/modules/bids/app/bidding-block/bid-input/BidInputWithCondition.spec.ts,21
src/modules/bids/app/bidding-block/bid-input/change-bid-condition/OrderChangeBidCondition.spec.ts,21
src/modules/bids/app/bidding-block/cta-buttons/CTAButtons.vue,21
src/modules/orders/components/order-details/order-content/__tests__/OrderDetailsContent.spec.ts,21
src/modules/design/components/BlockWithBorder.vue,21
src/modules/bids/app/bidding-block/PlaceBid.spec.ts,21
src/modules/bids/app/bidding-block/CancelBid.spec.ts,21
src/modules/bids/app/bidding-block/ChangeBid.spec.ts,21
src/languages/it.json,22
src/modules/bids/app/ChangeBid.spec.ts,22
src/common/components/__tests__/TransportRequestStatusTableCell.spec.ts,22
src/languages/de.json,22
src/modules/bids/app/bid-input/change-bid-condition/OrderChangeBidCondition.vue,22
src/modules/tender/components/tender-list/__tests__/TenderList.spec.ts,22
src/languages/en.json,22
src/modules/bids/app/CancelBid.spec.ts,22
src/modules/bids/app/cta-buttons/CTAButtons.vue,22
src/common/components/TransportRequestStatusTableCell.vue,22
.gitignore,22
src/modules/bids/app/confirm-bid-dialog/ConfirmBidDialog.vue,22
src/modules/bids/app/bid-input/BidInputWithCondition.spec.ts,22
src/modules/bids/app/OrderBidBlock.spec.ts,22
src/modules/bids/app/OrderBidBlock.vue,22
src/modules/bids/app/bid-input/change-bid-condition/OrderChangeBidCondition.spec.ts,22
src/modules/bids/app/cancel-bid-dialog/CancelBidDialog.vue,22
src/modules/marketplace/components/orders/OrderActionsButtonTableCell.vue,22
src/modules/marketplace/components/orders/__tests__/OrderActionsButtonTableCell.spec.ts,22
src/languages/es.json,22
src/modules/bids/app/floating-block/OrderDetailsFloatingBlock.spec.ts,22
src/modules/bids/app/floating-block/OrderDetailsFloatingBlock.vue,22
src/languages/pl.json,22
src/modules/bids/app/bid-input/BidInputWithCondition.vue,22
src/languages/fr.json,22
src/languages/ru.json,22
src/modules/tender/components/tender-list/__tests__/TenderTableRow.spec.ts,22
src/types/localData.d.ts,22
src/modules/bids/app/OrderBid.spec.ts,22
src/modules/bids/app/OrderBid.vue,22
src/bootstrap-local-config.ts,22
src/global-setup.ts,22
src/modules/tender/components/tender-list/__tests__/TendersNoResults.spec.ts,22
src/modules/bids/app/PlaceBid.spec.ts,22
src/languages/pt.json,22
src/modules/bids/app/last-bid/LastBid.vue,22
src/modules/tender/components/tender-list/__tests__/TendersTable.spec.ts,22
src/modules/tender/classes/tender-details/Capacity.ts,23
src/modules/orders/components/order-details/order-footer/OrderDetailsFloatingBlock.vue,23
src/common/testing/test-helpers.ts,23
src/modules/tender/classes/tender-details/RouteLocationList.ts,23
src/modules/orders/components/order-details/order-content/order-mobile/OrderBidBlock.vue,23
src/modules/tender/components/tender-details/tender-content/tender-load-details/HeaderSlot.vue,23
src/modules/orders/components/order-details/order-footer/__tests__/OrderDetailsFloatingBlock.spec.ts,23
src/modules/tender/components/tender-details/tender-content/tender-load-details/TenderLoadDetails.vue,23
.prettierrc,23
src/common/services/readme.md,23
src/modules/orders/classes/DayDifferenceExact.ts,23
src/modules/tender/classes/tender-details/__tests__/LoadRequirement.spec.ts,23
src/modules/readme.md,23
src/modules/marketplace/readme.md,23
.prettierignore,23
src/modules/orders/classes/SpotBid.ts,23
src/common/readme.md,23
src/modules/orders/components/order-details/order-content/order-bids/LastBid.vue,23
src/modules/tender/classes/tender-details/__tests__/ContractInfo.spec.ts,23
src/modules/bids/widgets/AcceptNowConfirmDialog.vue,23
src/modules/orders/components/common/__tests__/AcceptNowConfirmDialog.spec.ts,23
src/modules/tender/classes/tender-details/__tests__/RouteLocationList.spec.ts,23
src/modules/orders/classes/__tests__/SpotBid.spec.ts,23
src/modules/bids/app/accept-now/AcceptNow.vue,23
src/modules/orders/components/order-details/order-content/order-mobile/__tests__/OrderBidBlock.spec.ts,23
src/modules/bids/components/.gitkeep,23
src/modules/tender/classes/tender-details/__tests__/VehicleDetails.spec.ts,23
src/common/components/table/__tests__/Table.spec.ts,23
src/modules/orders/services/BiddingRegularOrderService.ts,23
src/modules/orders/mocks/loadBundlesMock.ts,23
src/modules/config/.gitkeep,23
src/modules/orders/base/constants.ts,23
src/common/services/authService.ts,23
src/modules/orders/classes/SingleStop.ts,23
src/modules/orders/components/order-details/order-content/order-bids/accept-now/AcceptNow.vue,23
src/modules/tender/classes/tender-details/LoadSpecification.ts,23
src/modules/bids/widgets/AcceptNowConfirmDialog.spec.ts,23
src/modules/tender/components/tender-details/Loader.vue,23
src/common/components/load-stops-list/RouteDistance.vue,23
src/modules/orders/components/order-details/order-content/order-bids/ConfirmBidDialog.vue,23
src/modules/orders/components/order-details/order-content/order-bids/BidInputWithCondition.vue,23
src/modules/orders/components/order-details/order-content/order-bids/__tests__/ChangeBid.spec.ts,23
src/modules/tender/classes/tender-details/VehicleDetails.ts,23
src/store/useStore.ts,23
src/modules/tender/store/getters.ts,23
src/common/services/errors/BiddingServiceErrors.ts,23
src/modules/orders/classes/__tests__/RegularBid.spec.ts,23
src/modules/tender/classes/tender-details/LoadDetails.ts,23
src/common/filter/readme.md,23
.eslintrc.js,23
src/modules/orders/services/__tests__/BiddingRegularOrderService.spec.ts,23
src/modules/orders/components/order-details/order-content/order-bids/__tests__/OrderBid.spec.ts,23
src/languages/readme.md,23
src/modules/tender/components/tender-list/TenderTableTitle.vue,23
src/common/components/TableNoResults.vue,23
src/modules/marketplace/components/table/__tests__/Table.spec.ts,23
integration-tests/wdio.conf.ts,23
src/modules/tender/base/constants.ts,23
src/modules/tender/components/tender-details/tender-content/TenderRoute.vue,23
src/modules/orders/components/order-details/order-content/order-bids/CancelBidDialog.vue,23
src/modules/orders/components/order-details/order-content/order-bids/CTAButtons.vue,23
src/modules/orders/classes/MultiStop.ts,23
src/modules/orders/classes/RegularBid.ts,23
src/modules/tender/components/tender-details/tender-content/TenderMap.vue,23
src/common/services/errors/__tests__/BiddingServiceErrors.spec.ts,23
src/modules/orders/components/order-details/order-content/order-load-details/order-description/OrderDetailsLoadSection.vue,23
src/modules/orders/classes/__tests__/DayDifferenceExact.spec.ts,23
src/modules/orders/components/common/AcceptNowConfirmDialog.vue,23
src/modules/tender/classes/tender-details/__tests__/LoadSpecification.spec.ts,23
src/modules/orders/components/order-details/order-content/order-bids/__tests__/CancelBid.spec.ts,23
src/common/base/mixins/dataPolling.ts,23
src/modules/bids/app/cancel-bid-dialog/CancelBid.spec.ts,23
webpack/webpack.mock.js,23
src/store/readme.md,23
src/modules/bids/services/.gitkeep,23
src/modules/bids/readme.md,23
src/modules/bids/app/accept-now/AcceptNow.spec.ts,23
src/modules/orders/classes/__tests__/SingleStop.spec.ts,23
src/modules/orders/classes/BidCondition.ts,23
src/modules/orders/services/__tests__/BiddingSpotOrderService.spec.ts,23
src/modules/orders/components/order-details/order-content/order-bids/OrderChangeBidCondition.vue,23
src/modules/inftrastructure/readme.md,23
src/modules/tender/components/tender-details/tender-content/tender-load-details/TenderVehicles.vue,23
src/modules/tender/classes/tender-details/__tests__/LoadDetails.spec.ts,23
src/modules/orders/services/BiddingSpotOrderService.ts,23
src/modules/orders/classes/__tests__/BidCondition.spec.ts,23
src/modules/bids/models/.gitkeep,23
src/modules/config/readme.md,23
src/modules/orders/components/order-details/order-content/order-bids/__tests__/OrderChangeBidCondition.spec.ts,23
lefthook.yml,23
src/modules/orders/components/order-details/order-content/order-bids/__tests__/PlaceBid.spec.ts,23
src/modules/orders/components/order-details/order-content/order-bids/accept-now/__tests__/AcceptNow.spec.ts,23
src/modules/orders/components/order-details/order-content/order-bids/__tests__/BidInputWithCondition.spec.ts,23
src/modules/tender/classes/tender-details/RouteLocation.ts,23
src/modules/orders/components/order-details/order-content/order-bids/OrderBid.vue,23
webpack/webpack.dev.js,23
src/logger.ts,24
microfrontends/ReadMe.md,24
src/tenants.ts,24
microfrontends/index.ts,24
src/auth.ts,24
src/error-handler.ts,24
src/sentry.ts,24
microfrontends/example.ts,24
public/favicon.ico,24
src/common/enums/stopTypes.ts,24
src/languages.ts,24
.husky/pre-commit,24
src/modules/constants.ts,24
src/common/types/stopTypes.ts,24
microfrontends/loader.ts,24
src/common/components/load-stops-list/Stop.vue,24
src/common/enums/biddingApiErrors.ts,25
nginx.conf,25
Dockerfile,25
src/common/scripts/backendClient.js,25
src/common/env.ts,25
webpack/webpack.stg.js,25
src/modules/orders/components/order-details/OrderDetailsRefreshDialog.vue,25
src/common/scripts/constants.ts,25
.env.stg,25
src/architecture-vision/README.md,25
src/common/scripts/helpers.ts,25
src/architecture-vision/UseCases/PlaceBidUse.ts,25
src/modules/orders/services/BiddingOrderService.ts,26
src/modules/orders/base/eventBus.ts,26
src/modules/marketplace/components/orders/__tests__/OrderSpecificationsTableCell.spec.ts,26
src/modules/orders/components/order-details/order-content/order-bids/UpdateBid.vue,26
src/modules/orders/components/order-details/order-content/order-bids/__tests__/UpdateBid.spec.ts,26
src/common/services/MothershipService.ts,27
src/common/services/BiddingService.ts,27
src/modules/assignments/services/AssignmentService.mock.ts,27
src/common/services/MarketplaceService.ts,27
ReadMe.md,27
src/common/services/SavedLanesService.ts,27
src/modules/assignments/components/table/TableRow.vue,28
src/components/Assignments.vue,28
src/modules/savedLanes/components/MarketplaceSavedLanes.vue,28
src/modules/savedLanes/mocks/savedLanes.ts,28
src/modules/savedLanes/types/interfaces.ts,28
src/modules/savedLanes/types/serviceTypes.ts,28
src/common/components/load-stops-list/RouteStep.vue,28
src/common/components/load-stops-list/LineDashedIcon.vue,28
src/modules/orders/components/order-details/order-content/order-bids/__tests__/UpdateBidWrapper.ts,28
src/common/components/TableRow.vue,28
src/modules/savedLanes/store/getter-types.ts,28
src/common/components/load-stops-list/EllipseIcon.vue,28
src/modules/savedLanes/components/SavedLaneList.vue,28
src/modules/marketplace/classes/MarketplaceTab.ts,28
src/modules/tender/components/tender-details/tender-header/__tests__/DetailsHeader.spec.ts,28
src/modules/tender/components/tender-list/tender-table-row/TenderTableCellVehicleTypes.vue,28
src/modules/Marketplace.vue,28
src/modules/filters/filter-add/BundleOptionsFilterDropdown.vue,28
src/modules/savedLanes/components/common/DropdownFilter.vue,28
src/modules/savedLanes/components/common/__tests__/RadiusAddressWrapper.spec.ts,28
src/modules/tender/components/tender-details/tender-content/tender-bids/TenderBidChangeDialog.vue,28
src/common/components/table/TableRow.vue,28
src/styles/style-variables.scss,28
src/modules/tender/components/tender-list/tender-table-row/TenderTableCellOriginDestination.vue,28
src/modules/savedLanes/components/__tests__/SavedLaneDetails.spec.ts,28
src/modules/orders/classes/__tests__/MultiStop.spec.ts,28
src/modules/savedLanes/services/SavedLaneOrderService.ts,28
src/modules/assignments/components/table/__tests__/TableCell.spec.ts,28
src/modules/savedLanes/components/__tests__/SavedLaneCarousel.spec.ts,28
src/modules/filters/filter-add/RadiusFilter.vue,28
src/modules/orders/components/order-details/__tests__/OrderDetailsPageWrapper.ts,28
src/assets/svgs/check_mark.svg,28
src/modules/savedLanes/store/actions.ts,28
src/common/components/TableCell.vue,28
src/modules/savedLanes/components/SavedLanesNoResults.vue,28
src/modules/savedLanes/components/common/__tests__/DropdownFilter.spec.ts,28
src/modules/orders/components/order-details/order-content/order-load-details/order-route-details/__tests__/RouteStep.spec.ts,28
src/modules/savedLanes/store/mutations.ts,28
src/modules/savedLanes/components/common/__tests__/RadiusFilter.spec.ts,28
src/modules/savedLanes/types/enums.ts,28
src/modules/savedLanes/store/action-types.ts,28
src/components/Tenders.vue,28
src/modules/savedLanes/components/common/RadiusAddressWrapper.vue,28
src/modules/savedLanes/components/SavedLaneWithOrders.vue,28
src/layouts/MainLayout.vue,28
src/modules/filters/filter-add/DropdownFilter.vue,28
src/modules/savedLanes/components/SavedLaneConfirmDialog.vue,28
src/modules/savedLanes/components/__tests__/MarketplaceSavedLanes.spec.ts,28
src/modules/filters/filter-add/MarketplaceFilters.vue,28
src/modules/filters/filter-add/RadiusAddressWrapper.vue,28
src/components/OrderDetails.vue,28
src/modules/marketplace/components/orders/OrderSpecificationsTableCell.vue,28
src/modules/savedLanes/components/__tests__/SavedLane.spec.ts,28
src/common/components/load-stops-list/RouteStep copy.vue,28
src/modules/tender/components/tender-details/tender-header/DetailsHeader.vue,28
src/modules/assignments/components/table/TableCell.vue,28
src/modules/tender/components/tender-details/tender-content/tender-load-details/TenderSpecifications.vue,28
src/modules/tender/components/tender-details/tender-content/tender-load-details/TenderRequirements.vue,28
src/modules/filters/components/MarketplaceFilters.vue,28
src/modules/tender/components/tender-details/tender-header/BackButton.vue,28
src/modules/savedLanes/components/MarketplaceFilters.vue,28
src/modules/savedLanes/components/__tests__/SavedLanesNoResults.spec.ts,28
src/common/components/table/__tests__/TableTitles.spec.ts,28
src/modules/marketplace/Marketplace.vue,28
src/modules/savedLanes/types/storeTypes.ts,28
src/modules/savedLanes/base/helpers.ts,28
src/common/components/load-stops-list/LineDashedIcon copy.vue,28
src/modules/tender/components/tender-details/tender-header/TenderHeader.vue,28
src/components/TenderDetails.vue,28
src/common/components/table/Table.vue,28
src/modules/savedLanes/components/SavedLaneEditDialog.vue,28
src/modules/savedLanes/components/common/RadiusFilter.vue,28
src/modules/filters/filter-add/ResetInputButton.vue,28
src/modules/savedLanes/types/helpers.ts,28
src/modules/tender/components/tender-details/tender-header/__tests__/BackButton.spec.ts,28
src/modules/savedLanes/store/mutations-types.ts,28
src/modules/marketplace/components/orders/OrderPalletExchangeTableCell.vue,28
src/components/Marketplace.vue,28
src/layouts/PageContent.vue,28
src/modules/tender/components/tender-details/tender-header/__tests__/TenderHeader.spec.ts,28
src/modules/savedLanes/segmentEvents.ts,28
src/modules/savedLanes/store/getters.ts,28
src/modules/savedLanes/components/SavedLanesCarousel.vue,28
src/modules/savedLanes/components/SavedLane.vue,28
src/common/services/MothershipLocations.ts,28
src/modules/orders/components/order-details/order-content/order-load-details/order-route-details/__tests__/RouteNotes.spec.ts,28
src/modules/filters/filter-add/Sorting.vue,28
src/modules/tender/components/tender-list/tender-table-row/TenderTableCellWeeklyVolume.vue,28
src/modules/tender/components/tender-list/tender-table-row/TenderTableRow.vue,28
src/modules/marketplace/services/MarketplaceOrderService.ts,28
src/modules/savedLanes/base/dependencies.ts,28
src/modules/marketplace/classes/BidCondition.ts,28
babel.config.js,28
src/modules/filters/filter-add/MarketplaceListStatusBar.vue,28
src/modules/savedLanes/components/SavedLaneDetails.vue,28
src/modules/savedLanes/store/index.ts,28
src/modules/assignments/components/table/__tests__/TableRow.spec.ts,28
src/assets/svgs/destination_arrow.svg,29
src/styles/fonts.scss,29
src/types/custom.d.ts,29
src/common/components/table/__tests__/TableCell.spec.ts,29
src/assets/svgs/destination_arrow_long.svg,29
src/styles/variables.scss,29
src/assets/pngs/no-route-map-placeholder.png,29
src/assets/svgs/no-saved-lanes.svg,29
src/common/components/table/__tests__/TableRow.spec.ts,29
src/components/About.vue,29
src/modules/tender/styles/responsive.scss,29
src/common/config/env.ts,29
src/assets/palette_with_boxes.svg,29
src/common/testing/store.ts,29
src/common/types/index.ts,29
src/common/components/load-stops-list/__tests__/RouteStep.spec.ts,29
src/common/components/table/TableTitles.vue,29
src/assets/svgs/404_500_ODV.svg,29
src/components/Home.vue,29
src/styles/animations.scss,29
src/common/components/MapPlaceholder.vue,29
src/styles/dialog-style.scss,29
src/modules/tender/classes/tender-details/LoadRequirement.ts,29
src/modules/tender/store/index.ts,29
src/modules/assignments/Assignments.vue,29
src/coral.d.ts,30
src/sharedData.d.ts,30
src/shims-vue.d.ts,30
src/shims-tsx.d.ts,30
.npmrc,31
src/types/shims-vue.d.ts,31
.prettierrc.json,31
src/types/shims-tsx.d.ts,31
.eslintrc.json,31
src/types/coral.d.ts,31
src/index.ts,31
webpack/webpack.local.js,31
.eslintignore,31
