entity,added,deleted,commits
package-lock.json,124376,66527,63
src/styles/coral-fixed.css,20600,157,2
src/languages/fr.json,4410,4410,7
src/languages/it.json,4408,4408,7
src/languages/ru.json,4394,4394,7
src/languages/es.json,4392,4392,7
src/languages/pt.json,4392,4392,7
src/languages/pl.json,4358,4358,7
src/languages/de.json,4336,4336,7
src/languages/en.json,4277,4277,8
src/modules/marketplace/store/actions.spec.ts,1501,1109,26
src/modules/orders/services/marketplace-transformers.spec.ts,1491,2047,29
src/modules/filters/components/filter-add/FilterAdd.spec.ts,1351,292,9
src/modules/orders/components/order-details/order-content/order-bids/OrderBid.vue,1345,706,14
src/modules/orders/services/transformers/marketplace-transformers.spec.ts,1285,17,10
src/modules/orders/components/order-details/__tests__/OrderDetailsPage.spec.ts,1271,1620,33
src/modules/orders/services/transformers/chartering-transformers.spec.ts,1218,44,10
src/modules/bids-deprecated/app/bidding-block/bid-form/BidForm.spec.ts,1187,54,6
src/modules/orders/components/order-details/OrderDetailsPage.vue,1143,1204,43
src/modules/orders/mocks/store.mock.ts,1124,859,14
src/bootstrap.ts,1123,1314,56
src/modules/orders/components/order-details/order-content/order-bids/__tests__/OrderBid.spec.ts,1109,645,6
src/modules/orders/components/order-details/order-content/OrderDetailsContent.vue,1065,955,55
src/modules/orders/services/MarketplaceClient.spec.ts,1064,618,22
.gitlab-ci.yml,1019,673,102
src/modules/filters/components/filter-add/FilterAdd.vue,981,623,34
src/modules/orders/events/OrderEventConsumer.spec.ts,938,284,21
src/modules/bids-deprecated/base/helpers.spec.ts,910,0,2
src/modules/bids/app/OrderBid.vue,836,836,8
src/local-setup.ts,828,440,25
src/modules/marketplace/store/actions.ts,810,567,47
src/modules/bids/app/bidding-block/BiddingBlock.spec.ts,808,1099,14
src/modules/bids-deprecated/app/bidding-block/useBiddingBlock.spec.ts,747,30,5
src/modules/bids/app/bidding-block/bid-form/BidForm.spec.ts,724,1162,14
src/modules/bids-deprecated/store/getters.spec.ts,704,0,2
src/modules/marketplace/components/orders/__tests__/MarketplaceOrderRow.spec.ts,697,433,40
src/modules/bids/app/bidding-block/BiddingBlock.vue,686,866,14
src/modules/orders/components/order-details/order-content/OrderDetailsContent.spec.ts,676,419,27
src/modules/bids-deprecated/events/BidEventConsumer.spec.ts,675,48,6
src/modules/bids/base/helpers.spec.ts,669,1124,9
src/modules/bids/app/bidding-block/bid-input/BidInputWithCondition.vue,658,658,7
src/modules/bids/app/bidding-block/useBiddingBlock.spec.ts,656,976,22
src/modules/bids/store/getters.spec.ts,651,1021,17
src/modules/bids-deprecated/services/BiddingOrderService.spec.ts,650,330,5
src/modules/orders/components/order-details/order-content/order-bids/__tests__/PlaceBid.spec.ts,642,365,10
src/common/http/http-client.spec.ts,632,244,18
src/modules/filters/events/FilterEventConsumer.spec.ts,625,144,11
src/modules/orders/services/MarketplaceOrderService.ts,622,730,42
src/modules/bids/events/BidEventConsumer.spec.ts,621,737,15
src/modules/bids/app/bid-details/OrderBid.vue,607,607,14
src/modules/marketplace/components/orders/MarketplaceOrderList.vue,606,437,48
src/modules/bids-deprecated/app/bidding-block/BiddingBlock.spec.ts,601,20,5
src/modules/bids-deprecated/services/BiddingClient.spec.ts,594,300,14
src/modules/bids-deprecated/app/bidding-block/bid-form/useBidForm.spec.ts,593,2,3
src/modules/bids-deprecated/app/bidding-block/cancel-bid-dialog/CancelBidDialog.vue,593,15,5
src/modules/bids-deprecated/app/bidding-block/bid-form/BidForm.vue,573,22,5
src/modules/marketplace/components/orders/MarketplaceOrderList.spec.ts,572,297,20
src/modules/bids/composition/useAvailableBidActions.spec.ts,564,739,11
src/modules/bids-deprecated/app/bid-table-cell/OrderListBid.spec.ts,559,101,9
src/common/scripts/backendClient.ts,550,346,22
src/modules/orders/events/OrderEventConsumer.ts,550,223,17
src/modules/accept-now/app/AcceptNowConfirmDialog.vue,543,537,26
package.json,535,389,75
src/modules/marketplace/components/orders/MarketplaceOrderRow.vue,533,330,50
src/modules/orders/mocks/marketplace.mocks.ts,529,386,58
src/modules/bids/app/bid-details/OrderBid.spec.ts,526,526,7
src/modules/bids/app/OrderBid.spec.ts,521,521,6
src/modules/filters/components/filter-bar/Status.vue,517,114,7
src/modules/orders/tracking/OrderListEvents.ts,512,715,13
src/modules/bids-deprecated/models/Bid.ts,507,8,8
src/modules/accept-now/app/AcceptNowConfirmDialog.spec.ts,507,448,22
src/modules/orders/mocks/loadBundlesMock.ts,503,503,3
src/assets/svgs/no-saved-lanes.svg,502,0,1
src/modules/orders/events/OrderRepository.spec.ts,500,184,7
src/modules/orders/components/order-details/order-content/order-bids/__tests__/UpdateBid.spec.ts,491,966,4
src/modules/filters/components/common/TypeAheadField.vue,487,103,6
src/modules/filters/events/FilterEvents.ts,484,172,10
src/common/http/axios-client.spec.ts,484,52,10
src/modules/accept-now/app/useAcceptNowConfirm.spec.ts,483,427,26
src/modules/bids/models/Bid.ts,473,719,35
src/modules/orders/components/common/AcceptNowConfirmDialog.vue,465,466,9
src/modules/filters/events/FilterEventConsumer.ts,464,140,11
src/modules/filters/components/filter-bar/Status.spec.ts,460,85,7
src/modules/bids-deprecated/store/getters.ts,456,0,2
src/modules/assignments/components/Assignments.vue,456,1066,24
src/modules/orders/mocks/orders.mock.ts,455,264,37
src/modules/filters/components/filter-bar/Sorting.spec.ts,454,40,7
src/modules/marketplace/helpers.ts,452,570,16
src/modules/orders/events/OrderEvents.ts,448,174,21
src/modules/filters/store/actions.ts,447,279,27
src/modules/bids/app/bidding-block/bid-form/useBidForm.spec.ts,439,685,10
src/modules/bids/widgets/AcceptNowConfirmDialog.vue,436,436,5
src/modules/accept-now/app/AcceptNowContent.spec.ts,433,465,11
src/modules/bids/app/bid-table-cell/OrderListBid.spec.ts,429,591,13
src/routes.ts,428,164,19
src/modules/orders/components/order-details/order-content/order-bids/__tests__/CancelBid.spec.ts,424,222,6
src/modules/accept-now/app/AcceptNowSuccessDialog.spec.ts,422,422,13
src/modules/bids-deprecated/services/errors/BiddingServiceErrors.ts,422,1,4
src/modules/bids/app/cancel-bid-dialog/CancelBidDialog.vue,421,421,7
src/modules/marketplace/tracking/SearchRepository.spec.ts,421,143,5
src/modules/filters/components/filter-bar/ListStatusBar.vue,417,143,5
src/common/types/interfaces.ts,417,312,44
src/modules/orders/components/order-details/order-content/order-load-details/order-route-details/__tests__/verticalStepper.spec.ts,417,228,10
src/modules/orders/services/MarketplaceClient.ts,413,164,23
src/modules/orders/services/transformers/chartering-transformers.ts,412,20,12
src/modules/filters/components/filter-details/SavedLane.spec.ts,410,142,5
src/modules/bids-deprecated/events/BidEvents.ts,404,4,3
src/common/components/HereMap.vue,403,81,17
src/modules/orders/mocks/transport-offers.mock.ts,400,102,28
src/modules/bids-deprecated/models/mocks/Bid.ts,399,13,5
src/modules/bids/events/BidEvents.ts,399,449,12
src/modules/bids-deprecated/composition/useAvailableBidActions.spec.ts,398,1,4
src/common/http/http-client.ts,396,210,17
src/modules/orders/components/order-details/order-content/order-bids/accept-now/AcceptNow.vue,394,212,7
src/modules/filters/components/filter-add/__tests__/FilterAdd.spec.ts,393,1025,9
src/modules/filters/components/filter-edit/SavedLaneEditDialog.vue,391,396,16
src/modules/marketplace/components/orders/useZeroResultsRecommendedOrdersHook.spec.ts,387,481,15
src/modules/bids/store/getters.ts,385,610,23
src/modules/assignments/store/__tests__/actions.spec.ts,381,793,14
src/modules/orders/services/transformers/common-transformers.ts,380,56,10
src/modules/filters/services/SavedLaneClient.spec.ts,377,313,14
src/modules/orders/components/order-details/order-content/order-bids/UpdateBid.vue,375,747,4
src/modules/assignments/services/__tests__/AssignmentService.spec.ts,374,842,8
src/common/base/helpers.ts,373,248,25
src/App.spec.ts,373,79,11
src/modules/orders/types/interfaces.ts,371,348,44
src/modules/bids-deprecated/app/bidding-block/BiddingBlock.vue,371,2,4
src/modules/filters/components/filter-details/FilterComponent.spec.ts,369,41,5
src/modules/orders/services/marketplace-transformers.ts,369,785,32
src/modules/orders/components/order-details/order-content/order-bids/__tests__/ChangeBid.spec.ts,367,207,9
src/modules/bids/app/bid-table-cell/status/OrderListBidStatus.vue,367,543,11
src/modules/bids-deprecated/app/bidding-block/bidding-statuses/BiddingStatuses.spec.ts,365,1,3
src/modules/bids/app/bidding-block/bid-form/BidForm.vue,364,633,19
src/modules/bids/services/BiddingOrderService.spec.ts,360,647,8
src/modules/accept-now-deprecated/services/AcceptNowService.spec.ts,359,125,8
src/modules/orders/services/transformers/marketplace-transformers.ts,356,9,10
src/experiments/time-auction/useTimeAuction.spec.ts,354,111,3
src/modules/assignments/mocks/orderAssignments.ts,353,1017,6
src/modules/accept-now-deprecated/app/AcceptNowConfirmDialog.spec.ts,353,71,3
src/modules/filters/components/common/AddressTypeAhead.vue,352,116,9
src/modules/bids-deprecated/app/bid-table-cell/status/OrderListBidStatus.vue,352,0,2
src/modules/filters/models/mocks/savedLanes.mock.ts,348,124,5
src/modules/filters/models/mocks/Filter.ts,347,35,8
src/modules/filters/components/filter-details/SavedLaneDetails.spec.ts,345,115,4
integration-tests/wdio.conf.ts,344,28,2
src/modules/bids/services/BiddingRegularOrderService.spec.ts,341,341,12
src/modules/filters/filter-add/MarketplaceFilters.vue,339,339,3
src/modules/bids-deprecated/app/bidding-block-actions/BiddingBlockActions.spec.ts,337,4,3
src/modules/bids/app/bidding-block/cancel-bid-dialog/CancelBidDialog.vue,337,622,18
src/modules/filters/components/filter-add/DsfDateRangePicker.spec.ts,336,112,4
src/modules/bids/app/bidding-block/bid-input/change-bid-condition/OrderChangeBidCondition.vue,334,334,7
src/modules/bids-deprecated/events/BidEventConsumer.ts,334,11,4
src/modules/accept-now/app/AcceptNowSuccessDialog.vue,333,333,13
src/modules/marketplace/types/interfaces.ts,332,301,40
src/modules/savedLanes/components/MarketplaceFilters.vue,330,330,2
src/modules/orders/services/MarketplaceOrderService.spec.ts,328,328,15
src/styles/style.scss,324,41,5
sndt.json,322,189,12
src/modules/transport-offers/services/LoadService.spec.ts,322,128,5
src/modules/savedLanes/components/SavedLaneEditDialog.vue,320,320,3
src/routes.spec.ts,319,113,5
src/modules/filters/components/filter-details/SavedLane.vue,317,323,15
src/modules/bids-deprecated/services/BiddingOrderService.ts,315,212,9
src/modules/bids-deprecated/app/bidding-block/useBiddingBlock.ts,315,10,7
src/router.ts,314,482,31
src/modules/marketplace/components/__tests__/MarketplaceTabs.spec.ts,313,298,15
src/modules/filters/models/interfaces.ts,312,108,6
src/modules/bids/app/bid-details/cancel-bid-dialog/CancelBidDialog.vue,311,311,10
src/modules/assignments/components/__tests__/Assignments.spec.ts,310,310,8
src/modules/bids/app/bid-input/BidInputWithCondition.vue,305,305,5
src/modules/bids-deprecated/composition/useBidActions.spec.ts,305,44,3
src/modules/bids/models/mocks/Bid.ts,304,505,24
src/modules/bids/events/BidEventConsumer.ts,301,359,13
src/modules/bids/base/helpers.ts,299,426,13
src/modules/accept-now-deprecated/app/AcceptNowConfirmDialog.vue,289,17,2
src/modules/assignments/components/Assignments.spec.ts,286,836,8
src/modules/tender/components/tender-details/tender-content/tender-load-details/__tests__/TenderContractInfo.spec.ts,285,85,8
src/modules/bids/services/BiddingCharteringService.spec.ts,284,62,4
src/layouts/MainLayout.vue,284,284,4
src/modules/orders/base/helpers.ts,283,249,14
src/integrations/sentry.ts,283,221,13
src/App.vue,282,154,46
src/modules/orders/components/order-details/order-content/order-bids/accept-now/__tests__/AcceptNow.spec.ts,282,146,5
src/modules/orders/components/order-details/order-content/order-bids/CancelBidDialog.vue,281,281,9
src/modules/bids-deprecated/app/bid-table-cell/actions/OrderListBidActions.spec.ts,281,68,5
src/modules/marketplace/components/orders/__tests__/MarketplaceOrderList.spec.ts,280,273,9
src/modules/filters/components/filter-details/__tests__/SavedLane.spec.ts,279,496,12
src/modules/filters/components/common/ResetInputButton.vue,277,97,5
src/modules/filters/components/filter-add/DsfDateRangePicker.vue,273,91,4
src/common/components/TransportRequestStatusTableCell.vue,271,271,9
src/modules/orders/segmentEvents.ts,271,263,18
src/assets/svgs/404_500_ODV.svg,270,0,1
src/modules/bids-deprecated/app/bidding-block/bidding-statuses/useBiddingStatus.spec.ts,268,8,3
src/common/services/RestService.ts,267,253,25
src/modules/bids/services/errors/BiddingServiceErrors.ts,266,460,14
src/orchestrated/shared-data.ts,266,105,10
src/modules/tender/components/tender-details/__tests__/TenderDetails.spec.ts,266,99,12
src/modules/bids-deprecated/models/BidCondition.ts,266,0,2
src/common/services/GenericService.ts,266,254,20
src/modules/orders/components/order-details/order-footer/__tests__/OrderDetailsFloatingBlock.spec.ts,265,252,4
src/modules/tender/components/tender-list/__tests__/TenderTableRow.spec.ts,264,264,6
src/modules/filters/mocks/savedLanes.mock.ts,262,364,8
src/modules/orders/components/order-details/order-footer/OrderDetailsFloatingBlock.vue,261,266,7
src/modules/transport-offers/services/CarrierLoadService.spec.ts,261,70,5
src/orchestrator-setup.ts,257,133,11
src/modules/filters/components/filter-add/FilterActions.spec.ts,257,6,4
src/modules/bids/app/bidding-block/last-bid/LastBid.vue,254,254,8
src/modules/bids-deprecated/models/BidCondition.spec.ts,254,0,2
src/modules/bids-deprecated/base/helpers.ts,254,0,2
src/modules/orders/components/order-details/order-content/order-load-details/order-route-details/VerticalStepper.vue,253,99,10
src/modules/bids-deprecated/services/BiddingClient.ts,251,70,15
src/modules/orders/components/order-details/order-content/order-bids/BidInputWithCondition.vue,249,247,5
src/modules/accept-now-deprecated/app/AcceptNowContent.spec.ts,249,18,6
src/modules/orders/components/common/__tests__/OrderRouteStop.spec.ts,247,121,8
src/modules/assignments/components/AssignmentsFilters.vue,246,688,8
src/modules/bids/app/bidding-block/useBiddingBlock.ts,245,383,23
src/orchestrated/sharedData.ts,244,339,16
src/common/components/RouteBackToButton.spec.ts,244,5,3
src/modules/tender/components/tender-details/tender-content/tender-bids/__tests__/TenderPlaceBid.spec.ts,243,139,11
src/modules/bids/app/bid-details/CancelBid.spec.ts,240,240,6
src/modules/tender/components/tender-list/TenderTableRow.spec.ts,239,9,6
src/modules/tender/tender.mocks.ts,237,40,15
src/setup-jest.ts,237,187,44
src/modules/bids/app/floating-block/OrderDetailsFloatingBlock.spec.ts,237,237,4
src/modules/accept-now/events/AcceptNowEventConsumer.spec.ts,236,145,12
src/modules/accept-now/app/AcceptNowContent.vue,236,244,10
src/modules/bids/composition/useBidActions.spec.ts,235,372,8
src/modules/bids-deprecated/app/bid-table-cell/status/OrderListBidStatus.spec.ts,235,1,3
src/modules/bids/services/BiddingClient.spec.ts,235,358,11
src/modules/bids/services/BiddingCarrierService.spec.ts,233,27,4
src/modules/bids/app/bidding-block/bidding-statuses/BiddingStatuses.spec.ts,229,411,5
src/modules/bids/app/bid-details/bid-input/BidInputWithCondition.vue,228,228,7
src/modules/accept-now/app/useAcceptNowConfirm.ts,227,201,25
src/modules/bids-deprecated/services/BiddingLegacyOrderService.spec.ts,226,20,4
webpack/webpack.common.js,226,121,20
src/modules/orders/components/order-details/order-header/OrderDetailsPagination.vue,226,54,7
src/modules/filters/components/filter-list/SavedLaneList.spec.ts,225,75,4
src/modules/assignments/components/AssignmentRow.vue,224,518,14
src/modules/accept-now/app/accept-now-block/AcceptNowBlock.vue,224,224,14
src/modules/assignments/mocks/order.ts,224,264,5
src/modules/bids/tracking/BidEventConsumer.spec.ts,222,222,4
src/modules/accept-now-deprecated/app/accept-now-block/AcceptNowBlock.spec.ts,221,99,4
webpack/webpack.prod.js,221,74,21
src/modules/bids/app/bidding-block/CancelBid.spec.ts,220,220,3
src/modules/marketplace/components/MarketplaceAllLanes.vue,219,219,16
src/modules/filters/components/filter-add/SavedLaneConfirmDialog.spec.ts,219,73,4
src/modules/tender/components/tender-list/__tests__/TenderList.spec.ts,218,218,7
src/common/components/NonAccessPlaceholder.vue,218,106,16
src/modules/filters/base/helpers.ts,218,58,8
src/modules/orders/components/order-details/order-content/order-mobile/OrderBidDialog.vue,217,226,12
src/modules/orders/components/common/OrderRouteStop.vue,217,124,8
src/modules/bids/app/floating-block/OrderDetailsFloatingBlock.vue,217,217,5
src/modules/assignments/mocks/store.mock.ts,217,563,10
src/modules/bids-deprecated/store/actions.spec.ts,216,16,6
src/modules/bids-deprecated/store/actions.ts,216,26,6
src/modules/bids/app/bid-details/floating-block/OrderDetailsFloatingBlock.spec.ts,215,215,3
src/modules/orders/components/order-details/order-content/order-load-details/order-description/OrderDetailsDescription.vue,214,82,3
src/events/EventBus.spec.ts,214,6,3
src/modules/marketplace/components/MarketplaceTabs.spec.ts,213,14,3
src/common/components/NonAccessPlaceholder.spec.ts,212,9,5
src/modules/bids/app/bid-details/PlaceBid.spec.ts,211,211,7
src/modules/transport-offers/services/CharteringLoadService.spec.ts,211,25,5
src/modules/bids/app/bidding-block/useBidInAwaitingMatchingConfirmationState.spec.ts,210,286,8
src/modules/filters/components/filter-details/SavedLaneDetails.vue,207,203,11
src/modules/filters/components/common/AddressTypeAhead.spec.ts,207,19,5
src/modules/filters/components/filter-edit/FilterEditDialog.vue,207,0,1
src/common/http/axios-client.ts,206,61,11
src/modules/filters/components/filter-bar/Sorting.vue,206,121,16
src/filters/application/useFilters.ts,206,206,13
src/modules/bids/store/actions.spec.ts,206,306,8
src/modules/bids/tracking/BidEventConsumer.ts,205,254,8
src/modules/orders/components/common/__tests__/AcceptNowConfirmDialog.spec.ts,205,205,6
src/modules/bids/app/PlaceBid.spec.ts,205,205,7
src/modules/filters/services/SavedLaneService.spec.ts,204,107,7
src/modules/orders/mocks/NLS-mock.ts,204,54,7
src/modules/filters/components/filter-edit/SavedLaneEditDialog.spec.ts,202,70,6
src/modules/bids/app/accept-now/AcceptNow.vue,202,202,7
src/modules/marketplace/components/orders/MarketplaceZeroResultsRecommendations.spec.ts,202,115,13
src/common/components/table-plankton/TableRow.vue,201,201,4
src/modules/bids/widgets/AcceptNowConfirmDialog.spec.ts,199,199,5
src/modules/bids/services/BiddingClient.ts,198,277,12
src/modules/marketplace/components/Marketplace.vue,196,160,22
src/modules/bids/app/CancelBid.spec.ts,196,196,4
src/modules/tender/components/tender-details/tender-content/tender-bids/TenderPlaceBid.vue,196,74,9
src/common/components/TableRow.vue,195,195,3
src/modules/bids/store/actions.ts,195,287,11
src/modules/bids/app/cancel-bid-dialog/CancelBid.spec.ts,195,195,3
src/common/config/tenants.ts,194,289,8
src/modules/assignments/components/table/TableRow.vue,193,193,2
src/modules/orders/services/__tests__/MarketplaceOrderService.spec.ts,193,193,7
src/experiments/accept-now/useAcceptNowExperiment.spec.ts,193,193,7
src/modules/filters/components/filter-add/useSavedFilters.ts,192,0,1
src/modules/orders/services/CarrierOrderService.spec.ts,192,25,5
src/orchestrated/logger.ts,191,248,11
src/modules/bids/app/bid-details/ChangeBid.spec.ts,191,191,6
rspack/rspack.config.js,190,0,2
src/modules/tender/components/tender-list/tender-table-row/TenderBidStatus.vue,189,4,3
src/modules/bids/app/bidding-block/PlaceBid.spec.ts,189,189,2
src/modules/assignments/components/ListPagination.vue,188,548,6
src/modules/assignments/components/orders/ContactTableCell.vue,188,522,9
src/modules/marketplace/components/MarketplaceTabs.vue,188,91,23
src/experiments/time-auction/components/TimeAuction.spec.ts,187,32,3
src/modules/filters/components/filter-details/FilterComponent.vue,187,34,4
src/modules/accept-now/app/accept-now-block/AcceptNowBlock.spec.ts,187,188,14
src/modules/tender/components/tender-details/tender-content/TenderContent.vue,187,52,12
src/modules/filters/components/common/DropdownFilter.spec.ts,186,62,4
src/modules/accept-now-deprecated/app/accept-now-action/AcceptNowAction.spec.ts,186,50,4
src/common/mocks/sharedData.ts,186,98,7
src/modules/savedLanes/store/actions.ts,186,186,3
src/modules/orders/components/order-details/order-content/order-load-details/order-description/__tests__/OrderDetailsDescription.spec.ts,186,57,6
src/modules/assignments/components/assignmentDetailsDialog/AssignmentDetailsView.vue,185,525,9
src/modules/marketplace/services/MarketplaceOrderService.ts,184,363,5
src/modules/bids/app/bid-details/floating-block/OrderDetailsFloatingBlock.vue,184,184,5
src/modules/assignments/services/AssignmentService.ts,183,341,15
src/modules/orders/components/order-details/order-content/order-mobile/__tests__/OrderBidBlock.spec.ts,183,154,5
src/common/base/helpers.spec.ts,183,39,4
src/modules/orders/components/order-details/order-content/order-bids/__tests__/OrderChangeBidCondition.spec.ts,183,186,4
src/modules/filters/components/filter-list/SavedLanesCarousel.vue,182,182,7
src/modules/bids-deprecated/app/bidding-block/bidding-statuses/BiddingStatuses.vue,182,0,2
src/modules/bids/app/bid-input/change-bid-condition/OrderChangeBidCondition.spec.ts,182,182,3
src/modules/filters/components/filter-add/SavedLaneConfirmDialog.vue,182,171,10
src/common/filter/Status.vue,181,453,14
src/modules/orders/store/getters.ts,181,82,12
src/common/compositions/useFeatureFlag.spec.ts,181,5,4
src/modules/filters/components/filter-bar/__tests__/Sorting.spec.ts,180,454,13
src/modules/assignments/components/orders/__tests__/VehicleTypes.spec.ts,179,487,7
src/modules/tender/components/tender-details/TenderDetails.vue,177,91,23
src/modules/tender/types/interfaces.ts,177,51,14
src/modules/filters/components/filter-bar/MarketplaceListStatusBar.vue,176,177,22
src/modules/orders/components/order-details/order-content/__tests__/OrderDetailsContent.spec.ts,176,187,10
src/modules/filters/components/filter-add/SaveFilterConfirmDialog.vue,176,88,3
src/modules/bids-deprecated/app/bid-table-cell/actions/OrderListBidActions.vue,176,31,8
src/common/base/mixins/__tests__/refreshDialogMixin.spec.ts,175,51,14
src/common/components/VehicleTypes.vue,174,60,11
src/modules/bids/app/ChangeBid.spec.ts,174,174,6
src/modules/filters/components/filter-bar/MarketplaceListStatusBar.spec.ts,174,58,4
src/modules/tender/components/tender-list/TenderList.spec.ts,174,28,6
src/common/base/mocks.ts,174,130,28
src/common/config/config.ts,174,158,27
src/modules/bids/services/BiddingRegularOrderService.ts,174,174,16
src/modules/tender/components/tender-details/tender-content/tender-bids/__tests__/TenderWeekLoadChooser.spec.ts,173,14,4
src/modules/marketplace/models/TransportOffers.ts,173,38,22
src/modules/accept-now-deprecated/app/accept-now-block/AcceptNowBlock.vue,173,49,3
src/modules/assignments/base/dependencies.ts,173,269,25
src/modules/bids/app/bidding-block-actions/BiddingBlockActions.spec.ts,173,341,4
src/common/services/errors/GenericServiceErrors.ts,173,173,6
src/modules/marketplace/store/mutations.ts,172,109,24
src/modules/filters/components/filter-details/__tests__/SavedLaneDetails.spec.ts,171,407,12
README.md,170,13,10
src/common/scripts/backendClient.js,170,333,5
src/modules/bids-deprecated/app/bidding-block/bidding-statuses/bid-status/BidStatus.vue,170,0,2
src/common/http/errors/GenericServiceErrors.ts,169,21,6
src/modules/tender/components/tender-details/tender-content/tender-load-details/TenderContractInfo.vue,169,45,9
src/modules/tender/components/tender-details/tender-content/tender-bids/TenderWeekLoadChooser.vue,169,6,3
src/modules/savedLanes/components/SavedLane.vue,169,169,3
src/common/filter/__tests__/Status.spec.ts,168,434,10
src/modules/marketplace/components/orders/useZeroResultsRecommendedOrdersHook.ts,167,210,16
src/modules/bids/app/bidding-block/bid-input/change-bid-condition/OrderChangeBidCondition.spec.ts,167,167,2
src/modules/bids/app/bidding-block/bidding-statuses/useBiddingStatus.spec.ts,167,272,8
src/modules/bids/app/bid-details/bid-input/change-bid-condition/OrderChangeBidCondition.spec.ts,167,167,2
src/modules/bids-deprecated/app/bidding-block/bid-form/useBidForm.ts,166,0,2
src/modules/accept-now/events/AcceptNowEventConsumer.ts,166,101,10
src/modules/tender/components/tender-list/TendersTable.vue,166,87,12
src/modules/accept-now-deprecated/app/AcceptNowContent.vue,166,5,4
src/modules/bids-deprecated/app/bidding-block/bidding-statuses/bid-status/BiddingStatus.spec.ts,165,1,3
src/modules/bids-deprecated/app/bid-table-cell/OrderListBid.vue,164,0,3
src/modules/assignments/store/actions.ts,164,348,17
src/experiments/time-auction/useTimeAuction.ts,163,45,3
src/modules/orders/services/__tests__/BiddingRegularOrderService.spec.ts,163,163,5
src/modules/bids/app/bid-input/change-bid-condition/OrderChangeBidCondition.vue,162,162,4
src/modules/filters/components/filter-list/FiltersCarousel.vue,162,0,1
src/modules/filters/store/actions.spec.ts,162,2,2
src/modules/filters/components/filter-list/SavedLaneCarousel.spec.ts,162,54,4
src/modules/bids-deprecated/app/bidding-block-actions/BiddingBlockActions.vue,162,0,2
src/modules/assignments/components/AssignmentRow.spec.ts,162,478,6
src/common/filter/ListStatusBar.vue,161,435,8
src/modules/bids/tracking/BidEvents.ts,161,229,8
src/modules/accept-now/services/AcceptNowService.spec.ts,161,159,7
src/modules/marketplace/store/getters.ts,161,90,21
src/modules/assignments/services/__tests__/BffAssignmentService.spec.ts,160,382,15
src/modules/bids/app/bidding-block/useCancelBidDialog.spec.ts,160,221,9
src/modules/filters/mocks/savedLanes.ts,159,247,6
src/common/components/table-plankton/__tests__/TableRow.spec.ts,159,159,3
src/common/components/load-stops-list/VerticalStepper.vue,159,159,4
src/modules/bids-deprecated/app/bid-table-cell/status/useBidStatus.spec.ts,158,0,2
src/modules/tender/components/tender-list/__tests__/TendersNoResults.spec.ts,158,158,6
src/modules/assignments/services/backendClient.ts,157,465,5
src/modules/assignments/http/GenericService.ts,157,471,4
src/modules/next-load-suggestions/app/order-next-suggestions/__tests__/NextLoadSuggestions.spec.ts,157,157,6
src/modules/tender/services/TenderService.ts,157,145,11
src/modules/bids/services/BiddingOrderService.ts,156,258,9
src/orchestrated/README.md,156,52,4
src/modules/assignments/types/interfaces.ts,156,378,11
src/modules/savedLanes/components/SavedLanesCarousel.vue,156,156,2
src/modules/assignments/components/table/__tests__/TableRow.spec.ts,155,155,2
src/modules/orders/services/BiddingRegularOrderService.ts,154,137,7
src/modules/filters/components/common/RadiusFilter.vue,154,85,11
src/modules/bids/app/bid-table-cell/OrderListBid.vue,153,222,16
src/modules/orders/components/order-details/order-next-suggestions/NextLoadSuggestions.vue,153,155,10
src/modules/orders/components/order-details/test-helpers/OrderDetailsPageWrapper.ts,153,172,7
src/modules/orders/events/OrderRepository.ts,152,41,9
src/modules/orders/components/order-details/order-content/order-load-details/order-map/OrderDetailsMap.vue,152,47,9
src/modules/bids-deprecated/app/bidding-block/useBidInAwaitingMatchingConfirmationState.spec.ts,152,0,2
src/modules/marketplace/components/MarketplaceAllLoads.spec.ts,150,1,2
src/modules/tender/components/tender-details/tender-content/tender-bids/TenderPriceBidInput.vue,150,6,3
src/modules/orders/store/__tests__/actions.spec.ts,150,47,11
src/modules/filters/components/filter-bar/RefreshOrders.vue,149,68,2
src/assets/palette_with_boxes.svg,149,0,1
src/modules/assignments/http/errors/GenericServiceErrors.ts,148,442,5
src/modules/next-load-suggestions-deprecated/composition/useNextLoadSuggestions.spec.ts,148,22,4
src/common/components/__tests__/VehicleTypes.spec.ts,148,27,7
src/modules/bids/app/bid-table-cell/status/OrderListBidStatus.spec.ts,148,265,7
src/modules/marketplace/components/__tests__/Marketplace.spec.ts,147,166,11
src/modules/bids/app/OrderBidBlock.spec.ts,147,147,5
src/common/filter/TypeAheadField.vue,147,399,7
src/modules/accept-now/composition/useAcceptNowNotification.spec.ts,147,147,4
src/modules/marketplace/types/serviceTypes.ts,147,145,14
src/modules/filters/components/common/TypeAheadField.spec.ts,147,4,3
src/modules/assignments/components/Status.vue,146,428,5
src/modules/assignments/components/orders/VehicleTypes.vue,146,400,10
src/modules/tender/components/tender-details/tender-content/tender-bids/TenderBidChange.vue,146,30,13
src/modules/filters/services/SavedLaneOrderService.ts,145,236,9
src/modules/tender/components/tender-details/tender-content/tender-bids/__tests__/TenderBidChange.spec.ts,145,40,11
src/modules/orders/classes/__tests__/BidCondition.spec.ts,145,145,3
src/common/services/__tests__/helpers.spec.ts,145,145,3
src/modules/filters/components/filter-add/__tests__/SavedLaneConfirmDialog.spec.ts,145,219,6
src/modules/marketplace/tracking/SearchRepository.ts,144,45,7
src/orchestrated/auth.ts,144,114,26
src/modules/bids/composition/useAcceptNowNotification/useAcceptNowNotification.spec.ts,143,143,3
src/modules/bids/app/bid-table-cell/actions/OrderListBidActions.vue,142,219,15
src/modules/bids/models/BidCondition.ts,142,275,6
src/modules/assignments/components/__tests__/AssignmentRow.spec.ts,142,142,4
src/modules/marketplace/components/MarketplaceAllLoads.vue,142,0,1
src/modules/bids/app/bidding-block/ChangeBid.spec.ts,142,142,2
src/modules/assignments/components/assignmentDetailsDialog/__tests__/OrderDetailsLoadSectionDetails.spec.ts,141,389,7
src/common/http/errors/GenericServiceErrors.spec.ts,141,33,10
src/modules/accept-now-deprecated/events/AcceptNowEventConsumer.spec.ts,140,33,2
src/modules/bids-deprecated/models/mocks/BidActions.ts,140,27,6
src/modules/bids-deprecated/app/bidding-block/useCancelBidDialog.spec.ts,140,0,2
src/modules/next-load-suggestions/app/order-next-suggestions/NextLoadSuggestions.vue,140,140,5
src/tenant-permissions.ts,140,52,5
src/modules/transport-offers/services/LoadService.ts,140,37,7
src/application/displayTruckLoads.spec.ts,139,139,3
src/common/components/__tests__/TransportRequestStatusTableCell.spec.ts,139,139,7
src/modules/bids/app/bid-table-cell/actions/OrderListBidActions.spec.ts,139,261,9
src/modules/bids/models/BidCondition.spec.ts,139,266,4
src/common/components/__tests__/FuelSurcharge.spec.ts,139,139,10
src/common/http/casing.spec.ts,138,0,3
src/modules/bids-deprecated/app/bidding-block/useBidInAcceptedState.spec.ts,137,1,3
src/modules/next-load-suggestions-deprecated/app/order-next-suggestions/__tests__/NextLoadSuggestions.spec.ts,137,2,3
src/modules/transport-offers/services/CarrierLoadService.ts,137,38,8
src/modules/assignments/components/assignmentDetailsDialog/OrderDetailsLoadSectionDetails.vue,136,382,7
src/modules/bids/app/accept-now/AcceptNow.spec.ts,136,136,4
src/modules/bids-deprecated/app/bidding-block/confirm-bid-dialog/ConfirmBidDialog.vue,136,0,2
src/common/filter/DateRangePicker.vue,136,378,8
src/modules/bids/app/cta-buttons/CTAButtons.vue,135,135,4
src/modules/tender/components/tender-details/tender-content/tender-bids/__tests__/TenderPriceBidInput.spec.ts,135,14,5
src/modules/accept-now-deprecated/app/useAcceptNowConfirm.spec.ts,135,0,1
src/modules/orders/components/common/RouteAddress.vue,134,11,2
src/modules/bids/app/bidding-block/useBidInAcceptedState.spec.ts,134,202,9
src/modules/filters/components/filter-bar/RefreshOrders.spec.ts,133,4,2
src/modules/accept-now/events/AcceptNowEvents.ts,133,104,8
src/modules/filters/components/filter-add/SaveFilterConfirmDialog.spec.ts,133,43,4
src/modules/filters/store/mutations.ts,133,59,9
src/modules/next-load-suggestions-deprecated/app/order-next-suggestions/NextLoadSuggestions.vue,132,4,2
src/modules/marketplace/types/enums.ts,132,104,13
src/marketplace/application/displayTruckLoads.spec.ts,132,0,1
src/modules/bids-deprecated/app/bid-table-cell/status/useBidStatus.ts,132,0,2
src/modules/next-load-suggestions/app/order-next-suggestions/NextLoadSuggestionRow.vue,132,132,6
src/modules/filters/components/filter-edit/__tests__/SavedLaneEditDialog.spec.ts,132,198,5
src/common/services/__tests__/GenericService.spec.ts,131,129,6
src/modules/orders/base/dependencies.ts,131,88,21
src/modules/tender/components/tender-details/tender-content/__tests__/TenderContent.spec.ts,130,36,7
src/modules/filters/components/common/RadiusFilter.spec.ts,130,12,5
src/modules/filters/components/filter-list/FilterList.spec.ts,130,15,4
catalog-info.yaml,130,23,11
src/modules/orders/components/order-details/order-content/useSelectedOrder.spec.ts,129,80,7
src/common/filter/AddressTypeAhead.vue,129,320,10
src/modules/orders/components/order-details/__tests__/OrderDetailsPageWrapper.ts,129,129,3
src/modules/bids/app/bid-details/OrderBidBlock.spec.ts,129,129,2
src/modules/orders/components/order-details/order-content/order-bids/__tests__/BidInputWithCondition.spec.ts,129,66,4
src/modules/bids/app/bid-details/cta-buttons/CTAButtons.vue,128,128,5
src/modules/bids-deprecated/composition/useAvailableBidActions.ts,128,2,4
src/common/filter/__tests__/DsfDateRangePicker.spec.ts,128,352,5
src/modules/accept-now-deprecated/composition/useAcceptNowNotification.spec.ts,127,0,1
src/modules/bids/composition/useBids.spec.ts,127,189,8
src/modules/accept-now/app/accept-now-action/AcceptNowAction.spec.ts,127,127,7
src/modules/next-load-suggestions/app/order-next-suggestions/NextLoadSuggestionRow.spec.ts,126,126,4
src/modules/marketplace/components/LoadLockedPromoBanner.vue,126,45,14
src/modules/bids-deprecated/composition/useBids.spec.ts,125,1,3
src/common/filter/DsfDateRangePicker.vue,125,307,5
src/common/types/enums.ts,124,108,12
src/modules/savedLanes/components/__tests__/SavedLaneDetails.spec.ts,123,123,3
src/common/services/errors/BiddingServiceErrors.ts,123,123,3
src/modules/assignments/services/BffAssignmentService.ts,123,289,16
src/modules/filters/components/filter-bar/useSorting.spec.ts,122,46,5
src/modules/bids-deprecated/models/BidActions.ts,122,0,7
src/modules/orders/classes/BidCondition.ts,122,122,3
src/modules/orders/components/order-details/order-content/order-mobile/__tests__/OrderBidDialog.spec.ts,121,136,11
src/modules/next-load-suggestions-deprecated/app/order-next-suggestions/NextLoadSuggestionRow.spec.ts,121,10,4
src/marketplace-shared-data.ts,121,1,2
src/modules/savedLanes/components/SavedLaneConfirmDialog.vue,121,121,2
src/modules/accept-now-deprecated/services/AcceptNowService.ts,121,21,5
src/modules/accept-now-deprecated/composition/useAcceptNow.spec.ts,121,16,2
src/modules/marketplace/components/MarketplaceSavedLanes.vue,120,120,13
src/modules/orders/components/order-details/order-content/order-mobile/OrderBidBlock.vue,120,121,5
src/modules/orders/components/order-details/order-content/order-load-details/order-map/OrderDetailsMapFixedHeight.vue,120,120,3
src/sentry.ts,120,60,3
src/common/components/BackButton.spec.ts,120,120,2
src/modules/filters/components/filter-details/FilterDetails.vue,120,0,1
src/common/filter/ResetInputButton.vue,119,297,8
src/modules/filters/components/filter-add/FilterActions.vue,119,21,4
src/modules/transport-offers/services/CharteringLoadService.ts,119,37,5
src/modules/bids/services/BiddingSpotOrderService.spec.ts,119,119,5
src/modules/marketplace/components/orders/useRecommendedLoads.spec.ts,119,119,3
src/modules/assignments/types/serviceTypes.ts,119,251,12
src/common/base/compositions/notifications/usePushNotification.spec.ts,118,118,3
src/modules/filters/components/common/VehicleTypesFilter.spec.ts,118,1,2
src/modules/bids/app/bidding-block/bid-form/useBidForm.ts,117,191,12
src/events/EventBus.ts,117,7,6
src/modules/filters/components/filter-list/FilterList.vue,117,32,4
src/modules/marketplace/segmentEvents.ts,117,147,17
src/modules/orders/components/order-details/order-header/LoadBundlesTabs.vue,117,117,4
src/common/components/OrderDistance.vue,116,26,6
src/filters/ui/useFilters.ts,116,0,1
src/modules/marketplace/events/MarketplaceEventConsumer.spec.ts,116,81,2
src/modules/marketplace/components/Banner.vue,116,116,12
src/modules/bids/models/mocks/BidActions.ts,116,185,13
src/modules/filters/services/SavedLaneService.ts,116,84,8
src/modules/filters/components/filter-bar/__tests__/MarketplaceListStatusBar.spec.ts,116,174,5
src/modules/orders/store/actions.ts,116,35,10
src/modules/orders/components/order-details/order-content/order-load-details/order-route-details/OrderDetailsStops.vue,115,40,5
src/modules/bids/app/bid-details/bid-input/change-bid-condition/OrderChangeBidCondition.vue,115,115,6
src/modules/bids/app/bidding-block/bidding-statuses/BiddingStatuses.vue,115,206,4
src/modules/bids/app/OrderBidBlock.vue,115,115,4
src/filters/repositories/FilterRepository.ts,115,115,5
src/modules/orders/components/order-details/order-content/order-bids/CTAButtons.vue,115,115,3
src/modules/filters/store/getters.ts,115,40,8
src/modules/tender/components/tender-details/tender-content/__tests__/TenderRoute.spec.ts,114,20,6
src/modules/filters/components/SavedLanesNoResults.spec.ts,114,38,4
src/marketplace/Marketplace sequence and interaction between components.md ,113,0,1
src/modules/orders/classes/OrderDetailsView.ts,113,113,8
src/modules/filters/components/SavedLanes.vue,113,113,12
src/modules/tender/components/tender-list/TendersNoResults.vue,113,113,13
src/modules/next-load-suggestions-deprecated/app/order-next-suggestions/NextLoadSuggestionRow.vue,113,1,2
src/modules/orders/components/order-details/order-content/order-bids/OrderChangeBidCondition.vue,113,113,3
src/store/index.ts,113,62,24
src/modules/assignments/components/assignmentDetailsDialog/OrderDetailsLoadContent.vue,113,315,7
src/modules/savedLanes/components/SavedLaneDetails.vue,113,113,3
src/modules/orders/components/common/OrderRoute.vue,112,34,8
src/modules/assignments/services/__tests__/MothershipAssignmentService.spec.ts,112,304,6
src/modules/orders/services/__tests__/BiddingSpotOrderService.spec.ts,111,111,4
src/modules/assignments/components/orders/OrderRouteTableCells.vue,111,293,7
src/common/base/orcas.ts,110,110,19
src/modules/bids-deprecated/app/bidding-block/awaiting-matching-confirmation-state/AwaitingMatchingConfirmationState.vue,110,0,2
src/modules/orders/components/order-details/order-content/order-load-details/__tests__/OrderDetailsSectionHeadline.spec.ts,110,56,6
src/modules/bids-deprecated/store/index.ts,110,0,2
src/common/components/load-stops-list/RouteNotes.vue,109,4,3
src/event/EventBus.spec.ts,109,109,3
src/modules/marketplace/components/orders/MarketplaceTable.vue,109,46,13
src/common/compositions/useTotalDistance.spec.ts,109,0,1
src/filters/services/FilterRepository.ts,108,16,2
src/modules/tender/components/tender-details/tender-content/tender-load-details/TenderLoadDetails.vue,108,16,4
tsconfig.json,108,46,13
src/common/services/errors/__tests__/GenericServiceErrors.spec.ts,108,108,8
src/orchestrated/languages.ts,108,43,9
src/common/filter/__tests__/AddressTypeAhead.spec.ts,108,236,8
src/common/base/mixins/dataPolling.ts,108,43,3
src/modules/filters/components/common/DropdownFilter.vue,108,108,8
src/modules/assignments/types/storeTypes.ts,108,252,8
src/modules/bids/app/confirm-bid-dialog/ConfirmBidDialog.vue,107,107,4
src/modules/tender/components/tender-details/tender-content/tender-load-details/__tests__/TenderLoadDetails.spec.ts,107,18,4
src/modules/orders/components/order-details/order-header/Tooltip.vue,107,107,4
src/modules/accept-now-deprecated/app/accept-now-action/AcceptNowAction.vue,107,22,6
src/experiments/time-auction/components/TimeAuction.vue,107,25,3
src/modules/bids/app/bid-details/OrderBidBlock.vue,106,106,3
src/experiments/accept-now/components/NumberOfBids.spec.ts,105,105,3
src/modules/assignments/http/RestService.ts,105,315,4
src/modules/tender/components/tender-list/TendersNoResults.spec.ts,105,105,4
src/modules/filters/components/filter-add/DateRangePicker.spec.ts,104,1,2
src/modules/assignments/components/orders/__tests__/OrderRouteTableCells.spec.ts,104,288,5
src/modules/marketplace/components/orders/__tests__/MarketplaceTable.spec.ts,104,31,12
src/modules/orders/components/order-details/order-next-suggestions/NextLoadSuggestionRow.vue,104,104,5
src/modules/assignments/components/orders/OrderRouteDropoff.vue,103,293,5
src/common/components/RouteBackToButton.vue,103,6,2
src/modules/bids/services/BiddingCharteringService.ts,103,26,4
src/modules/bids/app/bidding-block-actions/BiddingBlockActions.vue,103,184,5
src/modules/bids/models/BidActions.ts,102,156,16
src/modules/tender/services/BiddingTenderService.ts,102,69,14
src/modules/orders/classes/__tests__/OrderDetailsView.spec.ts,101,101,6
src/modules/next-load-suggestions/composition/useNextLoadSuggestions.spec.ts,101,105,8
src/modules/bids/app/bidding-block/cta-buttons/CTAButtons.vue,101,101,2
src/modules/tender/services/TenderService.spec.ts,100,0,2
src/modules/tender/components/tender-list/tender-table-row/TenderTableCellYourBids.vue,100,42,8
src/modules/filters/components/filter-details/FilterDetails.spec.ts,100,1,2
src/modules/assignments/components/assignmentDetailsDialog/__tests__/AssignmentDetailsView.spec.ts,100,242,8
src/modules/filters/models/Filter.ts,99,10,4
src/modules/orders/components/order-details/order-content/order-load-details/order-map/__tests__/OrderDetailsMap.spec.ts,99,15,10
src/modules/notifications/compositions/usePushNotification.spec.ts,99,0,1
src/modules/bids/store/mutations.ts,99,140,8
src/modules/marketplace/components/orders/MarketplaceZeroResultsRecommendations.vue,99,51,13
src/modules/bids/services/BiddingCarrierService.ts,99,20,5
src/modules/bids/app/last-bid/LastBid.vue,99,99,4
src/modules/assignments/components/orders/__tests__/OrderRequirementsTableCell.spec.ts,98,268,5
src/modules/next-load-suggestions-deprecated/composition/useNextLoadSuggestions.ts,98,11,4
src/modules/assignments/http/__tests__/GenericService.spec.ts,98,294,4
src/modules/bids-deprecated/services/errors/BiddingServiceErrors.spec.ts,98,0,2
src/common/compositions/useSmartBanner.spec.ts,98,0,1
src/modules/assignments/components/orders/OrderRoutePickup.vue,97,283,5
src/modules/filters/services/SavedLaneOrderService.spec.ts,97,97,2
src/orchestrated/segment.ts,96,22,6
src/modules/assignments/classes/__tests__/OrderAssignmentsResponse.spec.ts,96,242,9
src/modules/bids-deprecated/app/bidding-block/accepted-state/AcceptedState.vue,96,0,2
mkdocs.yaml,96,32,4
src/orchestrated/router.ts,95,22,6
src/modules/marketplace/classes/BidCondition.ts,95,95,2
src/modules/orders/components/order-details/order-next-suggestions/AlertModal.vue,94,94,3
src/modules/tender/base/dependencies.ts,94,70,18
src/modules/orders/components/order-details/order-content/order-load-details/OrderDetailsSectionHeadline.vue,93,47,6
src/modules/savedLanes/components/common/DropdownFilter.vue,93,93,2
src/orchestrated/tenants.ts,93,81,9
src/modules/bids/composition/useLowestBidPrice.spec.ts,93,133,7
src/common/http/casing.ts,93,0,3
src/modules/tender/components/tender-list/TendersTable.spec.ts,93,22,5
src/modules/orders/components/order-details/order-content/order-load-details/order-route-details/__tests__/OrderDetailsStops.spec.ts,93,36,9
jest.config.js,93,54,13
src/modules/bids/app/bid-table-cell/status/useBidStatus.spec.ts,93,172,5
src/modules/filters/components/SavedLanesNoResults.vue,92,98,7
src/modules/next-load-suggestions/app/order-next-suggestions/AlertModal.vue,92,92,2
src/modules/filters/filter-add/DropdownFilter.vue,92,92,2
src/modules/next-load-suggestions-deprecated/app/order-next-suggestions/AlertModal.vue,92,0,1
src/modules/filters/filter-add/Sorting.vue,92,92,2
src/modules/filters/services/SavedLaneClient.ts,91,64,13
src/modules/marketplace/components/orders/OrderActionsButtonTableCell.vue,91,91,8
src/modules/marketplace/events/MarketplaceEvents.ts,91,51,3
src/modules/accept-now-deprecated/events/AcceptNowEvents.ts,91,6,2
src/modules/assignments/services/MothershipAssignmentService.ts,90,238,9
src/modules/filters/components/filter-list/__tests__/SavedLaneList.spec.ts,90,240,9
src/modules/filters/components/filter-details/FilterMenus.vue,90,27,2
src/modules/orders/models/mocks/Order.ts,89,32,19
src/modules/marketplace/models/mocks/ZeroResultsRecommendedOrders.ts,89,113,15
src/modules/tender/classes/tender-details/ContractInfo.ts,89,27,6
src/modules/filters/store/index.ts,88,41,6
src/modules/accept-now-deprecated/events/AcceptNowEventConsumer.ts,88,4,2
src/modules/readme.md,88,0,2
src/modules/filters/store/getters.spec.ts,88,0,1
src/modules/filters/components/filter-bar/__tests__/BundleOptionsFilterDropdown.spec.ts,88,88,4
src/modules/bids/app/bid-details/last-bid/LastBid.vue,88,88,6
src/modules/bids/services/errors/BiddingServiceErrors.spec.ts,88,111,8
src/bootstrap-local-config.ts,88,88,2
src/logger.ts,87,87,3
src/modules/filters/components/filter-edit/FilterEditDialog.spec.ts,87,1,2
src/modules/tender/components/tender-list/TenderList.vue,87,11,5
src/filters/application/use-cases/FilterLocationSearchUseCase.spec.ts,87,21,4
src/modules/next-load-suggestions/app/order-next-suggestions/OrderRouteTableCells.vue,87,87,3
src/modules/bids/app/bidding-block/bidding-statuses/bid-status/BidStatus.vue,86,171,4
src/modules/marketplace/components/orders/OrderRouteTableCells.vue,86,26,8
src/modules/filters/components/filter-list/SavedLaneList.vue,86,86,5
src/modules/tender/components/tender-details/tender-content/TenderBid.vue,86,22,7
src/modules/filters/components/filter-list/SavedLaneWithOrders.vue,85,87,9
src/modules/orders/services/CarrierOrderService.ts,85,9,5
src/modules/filters/filter-add/MarketplaceListStatusBar.vue,85,85,2
src/modules/assignments/components/orders/__tests__/ContactTableCell.spec.ts,84,246,6
src/modules/savedLanes/components/__tests__/MarketplaceSavedLanes.spec.ts,84,84,3
src/modules/tender/components/tender-details/tender-content/tender-load-details/__tests__/TenderRequirements.spec.ts,84,12,6
src/common/mocks/loadBundlesMock.ts,84,84,5
src/modules/filters/filter-add/ResetInputButton.vue,84,84,2
src/modules/bids/app/bidding-block/useBiddingStatuses.spec.ts,84,84,2
src/modules/assignments/components/assignmentDetailsDialog/__tests__/OrderDetailsLoadContent.spec.ts,84,238,8
src/modules/bids-deprecated/services/BiddingLegacyOrderService.ts,83,6,3
src/modules/filters/components/filter-bar/BundleOptionsFilterDropdown.vue,83,83,5
src/modules/bids/services/BiddingSpotOrderService.ts,83,83,6
src/modules/bids-deprecated/composition/useBidActions.ts,83,6,3
src/modules/tender/components/tender-details/tender-content/TenderRoute.vue,83,7,3
src/modules/accept-now/services/AcceptNowService.ts,83,83,10
src/modules/bids/app/bidding-block/confirm-bid-dialog/ConfirmBidDialog.vue,83,151,9
src/modules/next-load-suggestions/composition/useNextLoadSuggestions.ts,83,83,9
src/modules/savedLanes/components/SavedLaneList.vue,82,82,3
src/modules/bids-deprecated/app/bidding-block/useBidInAwaitingMatchingConfirmationState.ts,82,0,2
src/modules/bids-deprecated/store/mutations.ts,82,0,2
src/modules/orders/components/order-details/order-content/order-bids/LastBid.vue,82,82,3
src/modules/accept-now/tracking/AcceptNowEventConsumer.ts,82,120,9
src/common/components/TableNoResults.vue,82,6,3
src/modules/bids/app/bidding-block/bidding-statuses/bid-status/BiddingStatus.spec.ts,82,164,3
src/modules/orders/services/BiddingSpotOrderService.ts,82,82,4
src/common/components/BackButton.vue,81,81,8
src/modules/bids/composition/useAvailableBidActions.ts,81,134,7
src/modules/tender/services/BiddingTenderService.spec.ts,81,24,5
src/modules/filters/components/filter-list/FiltersCarousel.spec.ts,81,1,2
src/modules/bids-deprecated/composition/useLowestBidPrice.spec.ts,81,1,3
src/common/components/load-stops-list/RouteStep.vue,80,2,2
src/modules/accept-now/tracking/AcceptNowEvents.ts,80,90,8
src/modules/orders/components/order-details/order-next-suggestions/OrderRouteTableCells.vue,80,80,4
src/modules/savedLanes/services/SavedLaneOrderService.ts,79,79,3
src/events/mocks/TestEvent.ts,79,9,4
src/modules/design/components/FloatingBlockOnScroll.vue,79,2,2
src/common/components/FuelSurcharge.vue,78,78,10
src/modules/filters/services/FilterService.ts,78,0,1
src/experiments/accept-now/components/NumberOfBids.vue,78,78,2
src/modules/assignments/components/assignmentDetailsDialog/OrderDetailsLoadSection.vue,78,220,6
src/modules/bids-deprecated/app/bidding-block/cancel-bid-dialog/CancelBidDialog.spec.ts,78,0,1
src/modules/tender/components/tender-list/tender-table-row/TenderTableRow.vue,78,3,2
src/marketplace/domain/services/SearchRepository.ts,77,0,1
src/modules/filters/filter-add/BundleOptionsFilterDropdown.vue,77,77,2
src/filters/application/use-cases/FilterLocationSearchUseCase.ts,77,34,5
src/modules/bids/app/bid-details/confirm-bid-dialog/ConfirmBidDialog.vue,77,77,7
src/filters/application/use-cases/FilterByDropOffLocationUseCase.ts,77,55,8
src/filters/application/use-cases/FilterByVehicleTypeUseCase.ts,77,50,8
src/domain/services/SearchRepository.ts,77,77,2
src/modules/marketplace/components/orders/complementary-loads/ComplementaryLoads.spec.ts,77,1,2
src/filters/application/ports.ts,77,31,9
src/modules/filters/models/enums.ts,77,5,5
src/modules/marketplace/components/orders/__tests__/OrderPalletExchangeTableCell.spec.ts,76,2,3
src/modules/orders/components/order-details/order-header/OrderDetailsPagination.spec.ts,76,1,3
src/modules/tender/components/tender-details/Loader.vue,76,3,3
src/filters/application/use-cases/FilterByPickupLocationUseCase.ts,76,55,8
src/modules/accept-now-deprecated/models/mocks/accept-now-mock.ts,76,13,5
src/modules/bids-deprecated/app/bidding-block/bidding-statuses/useBiddingStatus.ts,76,0,2
src/store/types.ts,76,36,22
src/modules/orders/types/serviceTypes.ts,76,69,13
src/modules/accept-now/app/accept-now-action/AcceptNowAction.vue,76,76,8
src/modules/bids/app/bid-table-cell/status/useBidStatus.ts,75,141,6
src/modules/bids-deprecated/app/bidding-block/accepted-state/AcceptedState.spec.ts,75,1,3
src/modules/bids-deprecated/app/bidding-block/awaiting-matching-confirmation-state/AwaitingMatchingConfirmationState.spec.ts,75,1,3
src/modules/orders/components/common/__tests__/RouteAddress.spec.ts,75,1,3
src/modules/orders/base/__tests__/helpers.spec.ts,75,65,7
src/modules/tender/components/tender-list/__tests__/TendersTable.spec.ts,75,75,6
src/modules/orders/classes/SpotBid.ts,74,74,4
src/modules/tender/components/tender-list/tender-table-row/TenderTableCellOriginDestination.vue,74,3,2
src/modules/savedLanes/components/SavedLaneWithOrders.vue,74,74,3
src/modules/bids/store/mutations.spec.ts,74,102,6
src/modules/savedLanes/components/common/RadiusFilter.vue,74,74,2
src/modules/savedLanes/mocks/savedLanes.ts,73,73,3
src/modules/orders/components/order-details/order-content/order-bids/ConfirmBidDialog.vue,73,69,5
src/modules/savedLanes/components/__tests__/SavedLane.spec.ts,73,73,2
src/modules/assignments/components/orders/OrderRequirements.vue,73,209,5
src/styles/fonts.scss,72,0,1
src/modules/marketplace/components/orders/OrderBundleTableCell.vue,72,72,5
src/modules/filters/components/common/RadiusAddressWrapper.spec.ts,72,24,4
.editorconfig,72,0,2
src/modules/assignments/http/errors/__tests__/GenericServiceErrors.spec.ts,71,211,5
src/modules/savedLanes/components/MarketplaceSavedLanes.vue,71,71,2
src/modules/design/components/Loader.vue,71,0,1
src/modules/design/components/Accordion.vue,71,8,3
src/modules/filters/filter-add/RadiusFilter.vue,71,71,2
src/modules/tender/components/tender-details/tender-content/tender-load-details/__tests__/TenderSpecifications.spec.ts,71,5,4
src/common/components/load-stops-list/RouteStep copy.vue,71,71,2
src/modules/marketplace/components/orders/MarketplaceTableTitles.vue,71,20,7
src/modules/orders/classes/__tests__/DayDifferenceExact.spec.ts,71,0,1
src/modules/filters/services/FilterService.spec.ts,71,0,1
src/architecture-vision/UseCases/PlaceBidUse.ts,71,4,2
src/modules/filters/components/filter-add/DateRangePicker.vue,71,0,2
src/common/services/MothershipService.ts,70,70,2
src/experiments/accept-now/useAcceptNowExperiment.ts,70,70,6
src/store/actions.ts,70,34,13
src/modules/accept-now-deprecated/app/useAcceptNowConfirm.ts,70,0,1
src/modules/orders/components/order-details/order-content/order-load-details/order-route-details/LoadStopsList.vue,70,70,3
src/modules/marketplace/components/Marketplace.spec.ts,69,6,3
src/store/mutations.ts,69,37,11
src/modules/filters/types/interfaces.ts,68,175,10
src/modules/assignments/components/AssignmentsActionButtons.vue,68,190,6
src/modules/filters/components/common/__tests__/DropdownFilter.spec.ts,68,192,5
src/modules/bids/app/bidding-block/useCancelBidDialog.ts,68,97,9
src/common/components/TableCell.vue,68,68,3
src/modules/marketplace/events/MarketplaceEventConsumer.ts,68,40,3
src/modules/bids/store/index.ts,67,122,11
src/modules/tender/classes/tender-details/__tests__/LoadRequirement.spec.ts,67,6,5
src/modules/bids/app/bid-input/BidInputWithCondition.spec.ts,67,67,4
src/modules/savedLanes/components/SavedLanesNoResults.vue,67,67,2
src/modules/orders/classes/SingleStop.ts,67,14,3
src/modules/tender/classes/tender-details/RouteLocationList.ts,66,15,4
src/common/services/BiddingService.ts,66,66,2
src/modules/savedLanes/components/common/__tests__/DropdownFilter.spec.ts,66,66,2
src/modules/assignments/components/table/TableCell.vue,66,66,2
src/modules/orders/classes/RegularBid.ts,66,66,3
src/modules/tender/components/tender-list/tender-table-row/TenderTableCellBidClosing.vue,66,11,4
src/common/components/table-plankton/TableCell.vue,66,66,2
src/global-setup.ts,66,0,1
src/modules/orders/components/order-details/order-content/order-bids/__tests__/UpdateBidWrapper.ts,65,65,2
src/modules/orders/components/order-details/order-content/order-load-details/order-description/OrderDetailsLoadSection.vue,65,6,3
src/tracking/helpers.spec.ts,65,16,7
src/modules/accept-now/composition/useAcceptNowNotification.ts,64,64,4
src/modules/orders/components/order-details/order-next-suggestions/__tests__/AlertModal.spec.ts,64,64,3
src/modules/bids-deprecated/app/bidding-block/useCancelBidDialog.ts,64,0,2
src/modules/design/components/Accordion.spec.ts,64,2,3
src/experiments/price-guidance/components/PriceGuidanceBanner.spec.ts,63,6,5
src/modules/bids/app/bid-details/bid-input/BidInputWithCondition.spec.ts,63,63,3
src/modules/assignments/common/__tests__/Table.spec.ts,63,193,6
src/event/EventBus.ts,63,63,4
src/modules/bids/app/bidding-block/bid-input/BidInputWithCondition.spec.ts,62,62,2
src/common/classes/MarketplaceTab.ts,62,42,7
src/modules/filters/store/mutation.spec.ts,62,0,1
src/common/components/table/__tests__/Table.spec.ts,62,3,2
src/auth.ts,62,40,5
src/modules/next-load-suggestions-deprecated/app/order-next-suggestions/__tests__/AlertModal.spec.ts,62,1,2
src/modules/next-load-suggestions-deprecated/app/order-next-suggestions/OrderRouteTableCells.vue,62,1,2
src/modules/marketplace/components/orders/__tests__/OrderRouteTableCells.spec.ts,62,5,5
src/modules/marketplace/components/table/__tests__/Table.spec.ts,62,3,2
src/modules/assignments/components/__tests__/ValidityCounter.spec.ts,62,62,2
src/modules/marketplace/components/orders/useRecommendedLoads.ts,62,62,3
src/modules/assignments/components/ValidityCounter.spec.ts,62,186,4
src/modules/bids-deprecated/models/mocks/ResponseWrapper.ts,62,0,2
src/modules/assignments/classes/__tests__/OrderAssignment.spec.ts,62,158,5
src/common/components/load-stops-list/TimezoneAcronym.vue,61,0,1
src/modules/next-load-suggestions/app/order-next-suggestions/__tests__/AlertModal.spec.ts,61,61,2
src/orchestrated/sentry.ts,61,61,3
src/common/components/load-stops-list/__tests__/RouteNotes.spec.ts,60,2,3
src/modules/assignments/classes/OrderAssignmentsResponse.ts,60,160,8
src/modules/accept-now/models/accept-now.ts,60,59,17
src/modules/assignments/components/assignmentDetailsDialog/OrderDetailsSectionHeadline.vue,59,159,5
src/modules/filters/components/common/VehicleTypesFilter.vue,59,1,2
src/modules/tender/components/tender-details/TenderError.vue,59,5,4
src/common/services/mocks/ServiceHelpers.ts,59,59,3
src/modules/tender/store/mutations.ts,59,19,4
src/modules/bids/tracking/BidEventTracker.ts,58,58,2
src/modules/bids/events/BidRepository.ts,58,58,4
src/common/components/table/TableRow.vue,58,2,2
src/modules/orders/tracking/OrderDetailsEvents.ts,58,115,4
src/modules/orders/store/mutations.ts,58,10,5
src/modules/bids-deprecated/events/BidRepository.ts,58,0,2
src/modules/tender/classes/tender-details/LoadRequirement.ts,58,0,1
src/modules/orders/components/order-details/order-content/order-load-details/order-route-details/__tests__/RouteNotes.spec.ts,58,58,2
src/modules/tender/components/tender-details/tender-content/__tests__/TenderBid.spec.ts,58,13,5
src/modules/orders/components/order-details/order-content/order-load-details/order-route-details/__tests__/loadStopsList.spec.ts,57,57,6
src/modules/savedLanes/types/serviceTypes.ts,57,57,3
src/modules/assignments/components/orders/OrderId.vue,57,149,6
.gitignore,57,17,10
src/modules/filters/components/filter-list/FilterCard.vue,57,57,3
src/modules/marketplace/store/index.ts,57,22,21
src/modules/tender/components/tender-details/tender-header/__tests__/BackButton.spec.ts,57,57,3
src/modules/filters/types/serviceTypes.ts,57,126,7
src/modules/tender/components/tender-details/tender-content/__tests__/TenderMap.spec.ts,57,14,5
src/modules/accept-now-deprecated/composition/useAcceptNow.ts,56,8,2
integration-tests/readme.md,56,19,5
src/modules/bids-deprecated/store/mutations.spec.ts,56,0,2
src/modules/filters/components/filter-bar/useSorting.ts,56,56,7
src/modules/bids/app/bidding-block/awaiting-matching-confirmation-state/AwaitingMatchingConfirmationState.vue,56,111,4
src/modules/bids/composition/useBidActions.ts,56,93,6
src/common/components/load-stops-list/StopAccordion.vue,55,14,5
src/common/services/MarketplaceService.ts,55,55,2
src/modules/assignments/store/mutations.ts,55,129,8
src/modules/tender/components/tender-list/tender-table-row/TenderTableCellWeeklyVolume.vue,55,3,2
src/modules/bids/store/mocks/getters.ts,54,76,8
src/modules/filters/components/filter-list/__tests__/SavedLaneCarousel.spec.ts,54,162,4
src/modules/accept-now/segmentEvents.ts,54,102,4
src/modules/bids/services/BiddingService.spec.ts,54,0,1
src/modules/savedLanes/components/__tests__/SavedLaneCarousel.spec.ts,54,54,2
src/modules/filters/models/constants.ts,54,4,4
src/modules/assignments/components/orders/OrderLoadDescriptionTableCell.vue,54,152,7
src/common/mocks/vehicleTypes.mock.ts,53,17,3
src/modules/orders/services/BiddingOrderService.ts,53,53,4
src/tenants.ts,53,53,3
.env.dev,53,37,21
src/modules/orders/components/order-details/OrderDetailsRefreshDialog.vue,53,53,3
src/modules/accept-now/models/mocks/accept-now-mock.ts,53,53,7
src/modules/orders/components/order-details/order-header/__tests__/LoadBundlesTabs.spec.ts,53,53,2
src/common/components/table/Table.vue,53,2,2
src/languages.ts,53,53,2
src/modules/orders/components/order-details/order-content/order-load-details/OrderDetailsExpectedCost.vue,53,53,4
src/modules/tender/components/tender-list/TendersTableEmpty.vue,52,12,4
src/modules/tender/classes/tender-details/__tests__/ContractInfo.spec.ts,52,20,5
src/modules/assignments/components/OrderDetailsTotalPrice.vue,52,134,6
src/services/TruckLoadStorage.ts,52,52,3
src/modules/tender/store/actions.ts,52,18,7
src/modules/orders/classes/MultiStop.ts,52,1,2
src/application/displayTruckloads.ts,52,52,3
src/modules/accept-now-deprecated/models/accept-now.ts,52,9,5
src/marketplace/application/displayTruckloads.ts,51,0,1
src/modules/marketplace/components/table/Table.vue,51,1,3
src/modules/tender/components/tender-details/tender-content/tender-bids/__tests__/TenderBidChangeDialog.spec.ts,51,9,4
src/modules/filters/models/serviceTypes.ts,51,17,4
src/modules/tender/components/tender-details/tender-content/tender-load-details/__tests__/TenderVehicles.spec.ts,51,5,4
src/modules/bids/composition/useAcceptNowNotification/useAcceptNowNotification.ts,51,51,3
src/modules/assignments/components/orders/__tests__/OrderIdTableCell.spec.ts,51,151,5
src/common/classes/__tests__/DayDifference.spec.ts,51,70,3
src/modules/marketplace/components/orders/__tests__/OrderActionsButtonTableCell.spec.ts,51,51,3
src/common/components/__tests__/TableNoResults.spec.ts,51,2,3
src/common/components/RefreshDialog.vue,51,4,2
src/modules/tender/components/tender-list/TenderTableTitle.vue,51,5,3
src/modules/assignments/classes/OrderAssignment.ts,51,129,6
src/common/services/helpers.ts,51,51,3
src/common/components/MapPlaceholder.vue,51,2,2
src/common/components/load-stops-list/TimezoneAcronym.spec.ts,51,1,2
src/modules/tender/components/tender-list/tender-table-row/TenderTableCellVehicleTypes.vue,50,3,2
src/marketplace/services/TruckLoadStorage.ts,50,0,1
src/modules/tender/classes/tender-details/LoadSpecification.ts,50,2,2
src/modules/assignments/common/Table.vue,50,150,4
src/common/services/SavedLanesService.ts,50,50,2
src/modules/assignments/components/orders/__tests__/LoadWeightSpecification.spec.ts,50,148,5
src/modules/bids/app/bidding-block/accepted-state/AcceptedState.vue,49,97,4
src/modules/marketplace/components/orders/complementary-loads/composition/useComplementaryLoads.spec.ts,49,0,1
src/common/components/load-stops-list/ShowLess.vue,49,6,5
src/modules/accept-now-deprecated/composition/useAcceptNowNotification.ts,49,0,1
src/modules/tender/components/tender-details/__tests__/TenderError.spec.ts,48,7,4
src/modules/marketplace/components/LoadMore/LoadMore.vue,48,5,3
src/modules/tender/classes/tender-details/__tests__/RouteLocationList.spec.ts,48,8,3
src/modules/assignments/components/assignmentDetailsDialog/OrderDetailsDialogHeadline.vue,48,144,4
src/common/http/models/mocks/http-client-mock.ts,48,17,7
src/common/types/constants.ts,48,64,7
src/modules/tender/components/tender-details/tender-content/TenderMap.vue,48,15,4
src/common/services/interfaces/IGenericService.ts,48,48,7
src/common/testing/test-helpers.ts,47,7,4
src/common/classes/DayDifference.ts,47,47,3
src/common/compositions/useInterval.spec.ts,47,0,1
src/modules/orders/components/order-details/order-next-suggestions/__tests__/NextLoadSuggestions.spec.ts,47,47,4
src/modules/bids/app/bidding-block/useBidInAwaitingMatchingConfirmationState.ts,47,88,4
src/modules/filters/events/FilterEventKeys.ts,47,20,5
src/common/config/env.ts,47,47,3
src/modules/tender/components/tender-details/TenderDetailsFloatingBlock.vue,47,6,4
src/event-tracking/EventBus.ts,47,94,3
src/modules/assignments/components/assignmentDetailsDialog/__tests__/OrderDetailsDialogHeadline.spec.ts,47,139,5
src/modules/assignments/services/CarrierAssignmentService.ts,46,45,9
src/modules/orders/types/enums.ts,46,46,5
src/common/base/compositions/notifications/usePushNotification.ts,46,46,3
src/common/components/load-stops-list/LoadStopsList.vue,46,46,3
src/modules/tender/services/TenerService.spec.ts,46,46,2
src/modules/orders/models/mocks/Filter.ts,46,138,5
src/modules/orders/components/order-details/order-content/useSelectedOrder.ts,46,24,7
src/tracking/segment.ts,46,55,8
src/modules/assignments/components/orders/LoadWeightSpecification.vue,46,138,4
src/modules/assignments/http/__tests__/helpers.spec.ts,46,138,4
src/modules/bids-deprecated/app/bidding-block/useBidInAcceptedState.ts,46,0,2
src/modules/savedLanes/base/dependencies.ts,46,46,3
public/index.html,45,24,7
src/store/getters.ts,45,3,5
src/common/services/custom-errors.ts,45,45,3
src/modules/design/components/FallbackFetchAgain.vue,45,3,2
src/modules/accept-now-deprecated/events/AcceptNowRepository.spec.ts,45,9,2
src/filters/services/RouterService.ts,44,44,6
src/modules/orders/classes/DayDifferenceExact.ts,44,0,1
src/modules/marketplace/components/LoadMore/__tests__/LoadMore.spec.ts,44,4,3
src/modules/bids-deprecated/store/mocks/getters.ts,44,0,2
src/modules/marketplace/components/orders/complementary-loads/ComplementaryLoadsHeader.vue,44,0,1
src/modules/bids-deprecated/store/mocks/store.ts,44,0,2
src/modules/assignments/components/assignmentDetailsDialog/__tests__/OrderDetailsTotalPrice.spec.ts,44,130,5
src/modules/orders/store/index.ts,43,2,4
src/events/trackCustomEvent.spec.ts,43,3,5
src/modules/orders/components/order-details/order-content/order-load-details/__tests__/OrderDetailsExpectedCost.spec.ts,43,43,4
src/modules/assignments/services/__tests__/CarrierAssignmentService.spec.ts,43,43,6
src/modules/tender/components/tender-details/tender-header/DetailsHeader.vue,43,43,3
jest.base.config.ts,43,1,4
src/modules/tender/components/tender-details/tender-content/tender-load-details/TenderRequirements.vue,43,3,2
src/modules/filters/base/dependencies.ts,43,93,12
src/modules/marketplace/components/orders/OrderPalletExchangeTableCell.vue,43,2,3
src/modules/bids/services/BiddingService.ts,43,8,4
src/tracking/helpers.ts,43,10,8
src/modules/tender/components/tender-details/tender-content/tender-load-details/HeaderSlot.vue,42,8,3
src/integrations/datadog.ts,42,0,1
src/filters/responsibility.md,42,1,2
src/modules/assignments/components/assignmentDetailsDialog/__tests__/OrderDetailsLoadSection.spec.ts,42,124,5
src/modules/orders/components/order-details/order-content/order-load-details/order-description/__tests__/OrderDetailsLoadSection.spec.ts,42,3,4
src/modules/tender/components/tender-details/tender-content/tender-load-details/TenderSpecifications.vue,42,3,2
src/common/components/DayDifference.vue,42,42,4
src/common/base/mixins/refreshDialogMixin.ts,42,3,3
src/modules/tender/classes/tender-details/Capacity.ts,41,2,2
src/modules/assignments/components/AssignmentsTableTitles.vue,41,119,6
src/modules/savedLanes/types/interfaces.ts,41,41,2
src/modules/marketplace/constants.ts,41,76,9
src/modules/tender/components/tender-details/tender-content/tender-load-details/TenderVehicles.vue,41,7,3
src/modules/tender/classes/tender-details/__tests__/LoadDetails.spec.ts,41,8,2
src/modules/bids-deprecated/composition/useBids.ts,40,0,2
src/common/components/load-stops-list/EllipseIcon.vue,40,2,2
.env.prod,40,25,21
src/modules/tender/styles/responsive.scss,40,0,1
src/modules/tender/components/tender-details/tender-content/tender-load-details/__tests__/HeaderSlot.spec.ts,40,2,3
src/modules/tender/components/tender-details/tender-content/tender-bids/TenderBidChangeDialog.vue,39,2,2
src/notifications/notifications.spec.ts,39,0,1
src/modules/savedLanes/store/mutations.ts,39,39,2
src/modules/bids/store/mocks/store.ts,39,61,5
src/modules/notifications/compositions/usePushNotification.ts,39,0,1
src/modules/orders/services/errors/OrderServiceErrors.ts,39,7,6
webpack/dev-config.js,39,0,3
src/modules/tender/components/tender-details/tender-header/BackButton.vue,39,39,3
src/modules/assignments/mocks/AssignmentService.mock.ts,39,105,6
src/modules/filters/components/__tests__/SavedLanesNoResults.spec.ts,39,115,5
src/common/compositions/useTotalDistance.ts,39,0,1
src/modules/filters/services/errors/FilterServiceErrors.spec.ts,38,0,1
src/modules/assignments/components/orders/OrderSpecificationsTableCell.vue,38,108,6
src/common/compositions/useSmartBanner.ts,38,0,1
src/modules/bids/app/bidding-block/bidding-statuses/useBiddingStatus.ts,38,73,7
src/modules/savedLanes/components/__tests__/SavedLanesNoResults.spec.ts,38,38,2
src/modules/filters/services/errors/SavedLaneServiceErrors.spec.ts,38,38,2
src/modules/assignments/store/index.ts,38,100,7
src/modules/filters/components/filter-details/FilterMenus.spec.ts,38,1,2
src/modules/filters/components/filter-bar/__tests__/useSorting.spec.ts,38,114,4
src/modules/bids/events/BidEventKeys.ts,38,34,7
src/modules/accept-now/events/AcceptNowRepository.spec.ts,37,37,2
src/modules/bids/app/bidding-block/accepted-state/AcceptedState.spec.ts,37,74,3
src/modules/bids/app/bidding-block/awaiting-matching-confirmation-state/AwaitingMatchingConfirmationState.spec.ts,37,74,3
src/modules/assignments/components/ValidityCounter.vue,37,103,6
src/modules/marketplace/classes/MarketplaceTab.ts,37,37,2
src/modules/accept-now/composition/useAcceptNow.spec.ts,37,37,2
src/common/components/load-stops-list/RouteDistance.vue,37,6,3
src/modules/orders/components/common/DayDifferenceExact.vue,37,1,2
src/integrations/monitoring.ts,37,0,1
src/common/components/TermsAndConditions.vue,37,3,2
src/modules/tender/services/TenderClient.spec.ts,36,36,2
src/modules/marketplace/store/getters.spec.ts,36,0,1
src/modules/orders/services/errors/OrderServiceErrors.spec.ts,36,0,1
src/orchestrated/notifications.ts,36,16,7
microfrontends/loader.ts,36,36,2
src/modules/tender/classes/tender-details/RouteLocation.ts,36,4,3
src/marketplace/ui/ComplementaryLoads.vue,36,0,1
src/common/components/TermsAndConditions.spec.ts,35,3,3
src/common/filter/__tests__/DateRangePicker.spec.ts,35,105,4
src/modules/assignments/types/constants.ts,35,101,7
src/modules/assignments/common/TableTitlesWrapper.vue,35,105,4
src/filters/di/index.ts,35,35,4
src/modules/marketplace/components/orders/complementary-loads/ComplementaryLoads.vue,35,0,1
src/modules/assignments/components/__tests__/AssignmentsFilters.spec.ts,35,35,3
src/common/events/SharedDataRepository.spec.ts,35,35,2
src/common/compositions/useRoute.ts,35,0,2
src/modules/filters/components/common/__tests__/RadiusFilter.spec.ts,35,103,5
src/modules/marketplace/types/storeTypes.ts,35,18,17
src/modules/marketplace/components/orders/OrderSpecificationsTableCell.vue,35,2,3
src/modules/assignments/components/orders/OrderIdTableCell.vue,35,101,6
src/modules/filters/segmentEvents.ts,35,48,8
src/modules/orders/tracking/OrderRepository.ts,35,70,3
src/notifications/notifications.ts,35,13,3
src/modules/tender/components/tender-list/tender-table-row/TenderBidStatus.spec.ts,35,1,2
src/common/base/constants.ts,35,17,4
sonar-project.properties,35,7,5
src/modules/bids/tracking/BidEventBusEvents.ts,35,35,4
src/common/types/stopTypes.ts,35,1,2
src/filters/services/FilterStorageService.ts,34,2,2
src/modules/marketplace/components/orders/OrderRecommendation.vue,34,3,3
src/modules/assignments/components/orders/__tests__/OrderLoadDescriptionTableCell.spec.ts,34,100,5
src/filters/di/container.ts,34,0,1
src/modules/savedLanes/components/common/__tests__/RadiusFilter.spec.ts,34,34,2
src/modules/tender/classes/tender-details/LoadDetails.ts,34,6,2
src/modules/bids-deprecated/services/mocks/BiddingClient-mock.ts,34,6,7
src/modules/filters/components/filter-add/responsibility.md,34,0,1
src/modules/orders/types/storeTypes.ts,34,14,7
src/modules/assignments/components/AssignmentsFilters.spec.ts,34,102,4
src/modules/assignments/components/orders/OrderRequirementsTableCell.vue,34,98,6
src/modules/accept-now/composition/useAcceptNow.ts,33,33,5
src/experiments/accept-now/VariantB.ts,33,33,3
src/modules/tender/components/tender-details/tender-header/__tests__/DetailsHeader.spec.ts,33,33,3
src/modules/filters/components/common/RadiusAddressWrapper.vue,33,33,2
src/modules/savedLanes/components/common/RadiusAddressWrapper.vue,33,33,2
src/modules/marketplace/base/dependencies.ts,33,23,14
src/modules/filters/filter-add/RadiusAddressWrapper.vue,33,33,2
ReadMe.md,33,66,3
src/experiments/accept-now/components/AcceptNowBanner.vue,33,33,3
src/modules/assignments/components/orders/__tests__/OrderSpecificationsTableCell.spec.ts,33,99,4
src/modules/savedLanes/base/helpers.ts,33,33,2
src/common/enums/stopTypes.ts,33,1,2
src/common/base/casing.ts,33,33,3
src/modules/tender/components/tender-details/tender-header/__tests__/TenderHeader.spec.ts,33,33,3
src/modules/currencies/formatCurrency.spec.ts,33,0,1
src/modules/orders/OrderEvent.ts,32,32,4
src/modules/bids/models/mocks/ResponseWrapper.ts,32,63,4
src/modules/assignments/components/assignmentDetailsDialog/__tests__/OrderDetailsSectionHeadline.spec.ts,32,94,5
src/modules/assignments/http/helpers.ts,32,96,4
src/filters/application/useFilters.spec.ts,32,32,4
src/common/compositions/useFeatureFlag.ts,32,5,3
src/experiments/price-guidance/components/PriceGuidanceBanner.vue,32,0,1
src/common/components/table/TableTitles.vue,32,0,1
src/modules/bids-deprecated/composition/useLowestBidPrice.ts,32,0,2
src/modules/tender/store/index.ts,32,5,2
src/modules/tender/classes/tender-details/TenderDetailsResponse.ts,31,4,3
src/modules/marketplace/components/orders/__tests__/OrderBundleTableCell.spec.ts,31,31,2
jest.base.config.js,31,31,3
src/common/base/mixins/__tests__/RefreshDialogTestComponent.vue,31,12,5
.env.e2e,31,23,11
src/modules/assignments/base/casing.ts,31,93,4
src/common/compositions/useDomesticCarrier.ts,30,0,3
.eslintrc.js,30,5,2
src/modules/orders/events/OrderEventBusEvents.ts,30,0,1
src/modules/bids/tracking/BidRepository.ts,29,58,3
src/common/components/load-stops-list/LineDashedIcon.vue,29,2,2
src/common/di/container.ts,29,9,3
src/common/services/interfaces/IRestService.ts,29,25,9
src/modules/tender/store/getters.ts,29,5,3
src/modules/assignments/store/getters.ts,29,71,8
src/modules/filters/events/FilterEventBusEvents.ts,29,0,1
src/styles/dialog-style.scss,29,0,1
src/components/Assignments.vue,28,28,4
src/common/components/load-stops-list/__tests__/verticalStepper.spec.ts,28,28,3
src/modules/bids/app/bidding-block/useBiddingStatuses.ts,28,28,2
src/modules/assignments/components/table/__tests__/TableCell.spec.ts,28,28,2
src/common/components/table-plankton/__tests__/TableCell.spec.ts,28,28,2
src/modules/orders/classes/__tests__/SpotBid.spec.ts,28,28,3
src/common/env.ts,28,0,2
.eslintrc.json,28,0,1
src/common/compositions/useUrlQueryParams.spec.ts,28,0,1
src/modules/filters/services/errors/FilterServiceErrors.ts,27,0,1
src/modules/bids/app/bidding-block/useBidInAcceptedState.ts,27,50,4
src/styles/style-variables.scss,27,1,2
src/event/EventTracker.spec.ts,27,27,2
src/common/analytics/SegmentObserver.ts,27,27,4
src/filters/application/index.ts,27,27,3
src/modules/filters/services/errors/SavedLaneServiceErrors.ts,27,27,2
src/modules/tender/components/tender-details/tender-header/TenderHeader.vue,27,27,3
src/modules/bids/composition/useBids.ts,27,47,4
src/modules/accept-now/app/accept-now-block/useAcceptNowBlock.ts,27,27,5
src/modules/accept-now/AcceptNowEvent.ts,27,54,3
src/modules/tender/components/tender-details/__tests__/Loader.spec.ts,27,2,3
src/common/components/__tests__/MapPlaceholder.spec.ts,27,4,4
src/filters/application/use-cases/FilterDropOffRadiusUseCase.ts,26,5,3
src/orchestrated/error-handler.ts,26,9,6
src/experiments/accept-now/VariantC.ts,26,26,2
src/filters/application/use-cases/FilterPickupRadiusUseCase.ts,26,5,3
microfrontends/example.ts,26,26,2
src/modules/bids/services/IBiddingService.ts,26,36,10
src/modules/marketplace/components/orders/__tests__/OrderSpecificationsTableCell.spec.ts,26,3,2
src/modules/filters/models/filter-mappers.ts,26,0,1
src/events/trackCustomEvent.ts,26,14,4
src/modules/orders/classes/__tests__/SingleStop.spec.ts,26,6,3
src/modules/savedLanes/segmentEvents.ts,26,26,3
src/store/getter.spec.ts,26,0,1
src/common/events/SharedDataRepository.ts,26,26,2
src/filters/mocks/index.ts,26,0,1
lefthook.yml,26,4,3
src/common/components/load-stops-list/Stop.vue,26,26,3
src/modules/filters/components/common/__tests__/RadiusAddressWrapper.spec.ts,25,73,5
src/modules/tender/services/errors/TenderServiceError.spec.ts,25,0,1
src/experiments/accept-now/ExperimentVariation.ts,25,25,4
src/modules/tender/classes/tender-details/__tests__/VehicleDetails.spec.ts,25,4,2
src/common/services/authService.ts,25,13,4
src/modules/orders/components/order-details/order-content/order-load-details/order-route-details/__tests__/RouteStep.spec.ts,25,25,2
src/application/ports.ts,25,25,3
src/common/components/load-stops-list/__tests__/RouteStep.spec.ts,25,0,1
src/common/components/load-stops-list/LineDashedIcon copy.vue,25,25,2
src/modules/filters/components/filter-add/Approach_for_refactoring.md,25,0,1
src/modules/assignments/http/mocks/ServiceHelpers.ts,25,75,4
src/modules/savedLanes/components/common/__tests__/RadiusAddressWrapper.spec.ts,24,24,2
src/common/components/load-stops-list/__tests__/loadStopsList.spec.ts,24,23,3
src/modules/tender/segmentEvents.ts,24,14,4
src/marketplace.ts,24,24,6
src/modules/orders/mocks/MarketplaceClient.mock.ts,24,0,9
src/modules/marketplace/analytics/SegmentObserver.ts,24,24,3
src/marketplace/application/ports.ts,24,0,1
src/common/compositions/useInterval.ts,24,0,1
src/common/http/request-manager.spec.ts,24,0,1
src/modules/bids/models/SpotBid.spec.ts,24,24,3
src/common/services/RouterRepository.ts,23,0,1
src/experiments/accept-now/components/AcceptNowBanner.spec.ts,23,23,3
.env.uat,23,11,8
src/modules/marketplace/store/mocks/store.ts,23,0,1
src/components/OrderDetails.vue,23,23,3
src/modules/tender/services/TenderClient.ts,23,23,2
src/filters/ui/useFilters.spec.ts,23,0,1
src/modules/bids/tracking/trackBidEvent.spec.ts,23,45,5
src/common/components/table/TableCell.vue,23,3,3
src/common/shell/di/index.ts,22,22,3
src/common/http/mocks/http-client.mocks.ts,22,13,3
Dockerfile,22,7,8
src/modules/orders/classes/__tests__/MultiStop.spec.ts,22,0,1
src/types/sharedData.d.ts,22,29,6
src/modules/bids/tracking/trackBidEvent.ts,22,37,9
src/error-handler.ts,22,22,3
src/modules/orders/events/mocks/OrderRepository.ts,22,3,9
src/modules/assignments/types/enums.ts,22,44,7
src/modules/marketplace/components/orders/complementary-loads/composition/useComplementaryLoads.ts,22,0,1
src/modules/accept-now-deprecated/app/accept-now-block/useAcceptNowBlock.ts,22,1,2
src/modules/assignments/mocks/multiStop.ts,21,63,4
nginx.conf,21,0,1
src/modules/marketplace/models/mocks/Orders.ts,21,0,3
src/modules/tender/classes/tender-details/__tests__/LoadSpecification.spec.ts,21,6,2
src/modules/marketplace/store/mocks/state.ts,21,0,2
src/layouts/PageContent.vue,21,21,2
src/config.ts,21,15,7
src/event/trackCustomEvent.spec.ts,21,21,2
src/experiments/price-guidance/usePriceGuidance.ts,21,2,3
src/modules/savedLanes/store/index.ts,21,21,2
src/modules/bids-deprecated/events/BidEventKeys.ts,20,0,2
.prettierignore,20,1,3
src/modules/marketplace/tracking/mocks/SearchRepository.ts,20,1,6
src/modules/tender/classes/tender-details/VehicleDetails.ts,20,2,2
src/modules/filters/components/MarketplaceFilters.vue,20,20,2
src/modules/bids-deprecated/services/IBiddingService.ts,20,10,3
src/filters/application/use-cases/LocationUseCase.ts,20,20,3
.env.stg,20,0,1
src/modules/assignments/base/mixins/autoReload.ts,20,46,5
src/modules/savedLanes/types/helpers.ts,20,20,2
src/modules/orders/events/OrderEventKeys.ts,20,12,6
src/modules/filters/models/storeTypes.ts,20,8,5
src/experiments/time-auction/mocks/useTimeAuction.ts,19,5,3
src/modules/orders/components/order-details/order-not-ready/OrderNotReady.vue,19,0,1
src/modules/bids-deprecated/composition/mocks/useBidActions.ts,19,0,2
src/common/components/table/__tests__/TableTitles.spec.ts,19,1,2
src/modules/marketplace/Marketplace.vue,19,20,3
src/marketplace/application/ApplicationFactory.ts,19,0,1
src/experiments/accept-now/mocks/useAcceptNowExperiment.ts,19,19,5
src/application/ApplicationFactory.ts,19,19,2
src/modules/marketplace/store/mocks/getters.ts,19,4,7
src/common/components/table/__tests__/TableCell.spec.ts,18,0,1
Dockerfile.e2e,18,2,4
src/common/base/notifications.ts,18,18,2
src/common/components/table/__tests__/TableRow.spec.ts,18,0,1
src/events/mocks/EventBus.ts,18,0,4
jest.config.ts,18,0,1
src/modules/bids-deprecated/services/mocks/BiddingService-mock.ts,18,2,3
src/modules/savedLanes/store/getters.ts,18,18,2
src/experiments/accept-now/VariantA.ts,17,17,5
src/modules/assignments/http/interfaces/IGenericService.ts,17,51,4
src/experiments/time-auction/components/TimeAuctionHeader.vue,17,0,1
src/experiments/accept-now/ControlGroup.ts,17,17,5
src/experiments/accept-now/components/NumberOfBidsHeader.vue,17,17,2
src/common/compositions/useWindow.spec.ts,17,0,1
src/modules/assignments/http/interfaces/IRestService.ts,16,48,4
src/modules/bids/events/mocks/BidRepository.ts,16,16,4
src/modules/Marketplace.vue,16,15,2
src/store/helpers.ts,16,8,7
src/modules/filters/components/common/index.ts,16,3,5
src/modules/bids/composition/useLowestBidPrice.ts,16,32,3
src/components/TenderDetails.vue,16,16,3
src/components/Marketplace.vue,16,16,2
src/common/scripts/helpers.ts,16,16,2
src/modules/assignments/common/__tests__/TableTitlesWrapper.spec.ts,16,46,5
src/modules/filters/models/index.ts,16,3,4
src/modules/bids-deprecated/events/mocks/BidRepository.ts,16,0,2
src/modules/tender/services/errors/TenderServiceError.ts,15,0,1
src/common/segmentEvents.ts,15,12,6
src/modules/orders/store/__tests__/mutations.spec.ts,15,0,1
src/marketplace/services/TruckLoadQuery.ts,15,0,1
src/components/Tenders.vue,15,15,3
src/modules/marketplace/di/index.ts,15,15,3
src/event/EventTracker.ts,15,15,2
src/modules/accept-now-deprecated/events/AcceptNowRepository.ts,15,2,2
src/services/TruckLoadQuery.ts,15,15,2
src/common/services/interfaces/IGetService.ts,15,15,5
src/common/services/enums/apiErrors.ts,15,15,2
src/modules/assignments/http/enums/apiErrors.ts,15,45,4
webpack/webpack.e2e.js,15,1,2
src/event/trackCustomEvent.ts,15,15,2
src/modules/orders/mocks/marketplaceService.mocks.ts,14,14,4
src/common/enums/biddingApiErrors.ts,14,14,2
src/modules/bids/services/mocks/BiddingClient-mock.ts,14,26,6
src/modules/accept-now/events/AcceptNowEventKeys.ts,14,9,5
src/modules/orders/tracking/mocks/OrderRepository.ts,14,14,4
src/components/About.vue,14,14,2
src/common/http/errors/custom-errors.ts,14,10,2
renovate.json,14,7,2
src/modules/marketplace/store/mutations.spec.ts,14,0,1
src/modules/bids/store/mocks/state.ts,14,21,5
src/modules/accept-now-deprecated/composition/mocks/useAcceptNow.ts,14,0,1
src/components/Home.vue,14,14,2
src/styles/animations.scss,14,0,1
src/modules/bids-deprecated/store/mocks/state.ts,14,0,2
src/common/services/MothershipLocations.ts,14,14,2
src/modules/transport-offers/services/mocks/LoadService.mock.ts,14,0,2
src/modules/accept-now/events/AcceptNowRepository.ts,13,13,2
src/types/shims-tsx.d.ts,13,0,1
src/modules/tender/types/serviceTypes.ts,13,13,4
src/modules/design/components/BlockWithBorder.vue,13,0,1
src/event/mocks/TestEvent.ts,13,13,2
src/modules/assignments/segmentEvents.ts,13,37,6
src/modules/assignments/Assignments.vue,13,13,2
src/modules/bids/models/RegularBid.spec.ts,13,13,3
src/shims-tsx.d.ts,13,13,2
src/common/services/errors/ErrorService.ts,12,12,2
.prettierrc,12,3,2
src/common/http/errors/mocks/axios-error-mock.ts,12,0,1
src/common/application/ports.ts,12,0,1
src/modules/orders/store/__tests__/getter.spec.ts,12,0,1
src/common/mocks/rootstore.mock.ts,12,2,2
src/common/compositions/useRoute.spec.ts,12,0,1
webpack/webpack.mock.js,12,2,2
src/common/http/errors/ErrorService.ts,12,0,1
src/modules/assignments/http/errors/ErrorService.ts,12,36,4
src/events/index.ts,11,1,3
src/modules/bids/services/mocks/BiddingService.ts,11,11,5
src/common/compositions/mocks/useFeatureFlag-mock.ts,11,0,2
src/modules/marketplace/events/MarketplaceEventKeys.ts,11,6,3
src/modules/filters/types/enums.ts,11,33,4
src/di/container.ts,11,0,1
src/modules/savedLanes/types/enums.ts,11,11,2
src/modules/accept-now/tracking/mocks/AcceptNowEventConsumer.ts,11,11,2
.eslintignore,11,0,1
src/modules/orders/mocks/MarketplaceService.mock.ts,11,11,3
src/types/custom.d.ts,10,2,2
src/modules/currencies/formatCurrency.ts,10,0,1
src/events/AmplitudeEvent.ts,10,0,2
src/modules/orders/classes/__tests__/RegularBid.spec.ts,10,10,2
src/modules/marketplace/components/orders/complementary-loads/composition/mocks/useComplementary.mocks.ts,10,0,1
src/common/http/mocks/headers.mocks.ts,10,0,1
src/common/mocks/orderIdMapping.mock.ts,10,0,1
webpack/webpack.local.js,10,0,1
src/__tests__/example.spec.ts,10,28,5
src/modules/accept-now/events/AcceptNowEventBusEvents.ts,9,0,1
webpack/moduleFederationConfig.js,9,0,1
src/common/services/VehicleTypesService.ts,9,9,3
src/common/config/links.js,9,9,2
src/modules/accept-now/events/mocks/AcceptNowRepository.ts,9,9,2
src/modules/bids/services/mocks/BiddingService-mock.ts,9,17,4
src/modules/bids/events/BidEventBusEvents.ts,9,9,2
src/modules/accept-now-deprecated/events/mocks/AcceptNowRepository.ts,9,0,1
src/modules/bids/tracking/mocks/BidEventConsumer.ts,9,9,2
src/common/testing/store.ts,9,0,3
src/modules/bids/events/index.ts,9,9,5
src/common/services/mocks/GenericService-mock.ts,9,9,2
src/common/http/request-manager.ts,9,0,1
src/modules/assignments/http/interfaces/IGetService.ts,9,27,4
src/modules/assignments/mocks/sennderContact.mock.ts,9,27,4
src/common/compositions/useWindow.ts,9,0,1
webpack/webpack.dev.js,9,4,2
src/common/services/interfaces/IRestHeader.ts,8,8,2
src/modules/orders/events/index.ts,8,0,2
src/common/readme.md,8,0,1
src/common/services/errors/RefreshDialogError.ts,8,8,2
src/modules/bids-deprecated/events/index.ts,8,0,2
src/sharedData.d.ts,8,8,2
src/modules/filters/services/mocks/SavedLaneClient-mock.ts,8,0,1
src/orchestrated/interface.ts,8,2,5
webpack/webpack.stg.js,8,0,1
src/modules/marketplace/di/container.ts,8,0,1
src/modules/bids-deprecated/composition/index.ts,8,0,2
src/modules/filters/store/mocks/getters.ts,8,8,2
src/common/compositions/useUrlQueryParams.ts,8,1,2
src/marketplace/services/UIErrorService.ts,8,0,1
src/event-tracking/mocks/EventBus.ts,8,16,3
src/modules/accept-now/models/accept-now-dialog.ts,8,8,4
src/modules/bids/tracking/mocks/BidRepository.ts,8,8,2
src/architecture-vision/README.md,8,0,1
src/event/mocks/EventBus.ts,8,8,2
.husky/pre-commit,8,7,5
src/modules/assignments/http/interfaces/IRestHeader.ts,8,24,4
src/modules/marketplace/store/actions-types.ts,8,4,8
src/modules/filters/store/action-types.ts,8,8,3
src/services/UIErrorService.ts,8,8,2
src/modules/filters/services/mocks/FilterService-mock.ts,8,0,1
src/experiments/use-auth-v4/useAuthV4.ts,8,0,1
src/common/http/errors/RefreshDialogError.ts,8,0,1
src/modules/marketplace/readme.md,7,0,1
src/modules/orders/base/eventBus.ts,7,7,2
Makefile,7,0,1
src/modules/accept-now/events/index.ts,7,3,3
src/modules/savedLanes/store/action-types.ts,7,7,2
src/modules/filters/events/index.ts,7,0,2
src/common/services/SennderContactService.ts,7,7,2
src/modules/bids/tracking/index.ts,7,11,6
src/common/types/ResponseWrapper.ts,7,0,1
src/modules/savedLanes/store/mutations-types.ts,7,7,2
src/modules/assignments/base/segmentEvents.ts,7,18,4
src/modules/filters/store/mutations-types.ts,7,7,2
src/modules/bids/models/ResponseWrapper.ts,7,7,2
src/modules/bids/store/mocks/index.ts,6,9,5
src/modules/filters/models/mocks/index.ts,6,1,4
src/modules/bids-deprecated/models/mocks/index.ts,6,0,2
src/common/compositions/index.ts,6,0,6
src/modules/assignments/store/getter-types.ts,6,16,6
src/modules/assignments/services/AssignmentService.mock.ts,6,6,2
src/modules/filters/types/storeTypes.ts,6,18,4
src/store/useStore.ts,6,0,2
src/modules/savedLanes/types/storeTypes.ts,6,6,2
src/common/services/errors/__tests__/BiddingServiceErrors.spec.ts,6,6,2
src/modules/assignments/store/action-types.ts,6,16,6
src/modules/bids-deprecated/models/index.ts,6,0,2
src/modules/bids-deprecated/store/mocks/index.ts,6,0,2
src/filters/application/use-cases/FilterByVehicleTypeUseCase.spec.ts,6,0,1
src/modules/assignments/store/mutations-types.ts,6,16,6
src/modules/accept-now/services/mocks/AcceptNowService.ts,5,5,2
src/modules/accept-now-deprecated/events/AcceptNowEventKeys.ts,5,0,1
src/modules/bids/models/index.ts,5,9,8
src/tracking/segmentEvents.ts,5,7,3
.prettierrc.json,5,0,1
src/modules/design/index.ts,5,0,4
src/types/localData.d.ts,5,0,1
src/event/index.ts,5,5,3
src/experiments/accept-now/featureFlags.ts,5,5,2
src/modules/bids-deprecated/services/index.ts,5,2,3
src/types/shims-vue.d.ts,4,0,1
src/events/mocks/index.ts,4,0,2
src/modules/bids/composition/index.ts,4,8,4
src/modules/assignments/http/custom-errors.ts,4,12,4
src/assets/svgs/check_mark.svg,4,0,1
src/modules/bids-deprecated/services/mocks/index.ts,4,0,2
src/modules/currencies/currencies.ts,4,0,1
src/assets/svgs/roundtrip.svg,4,4,2
src/modules/filters/types/interface.ts,4,12,4
src/assets/roundtrip.svg,4,12,4
src/modules/tender/base/constants.ts,4,0,1
src/modules/bids/services/index.ts,4,6,4
src/shims-vue.d.ts,4,4,2
src/modules/bids-deprecated/app/index.ts,4,0,2
src/assets/svgs/destination_arrow.svg,3,0,1
.nvmrc,3,2,3
src/modules/accept-now/tracking/AcceptNowEventKeys.ts,3,6,3
src/modules/marketplace/models/mocks/index.ts,3,2,3
src/modules/bids/tracking/BiddingEventKeys.ts,3,6,3
src/assets/svgs/destination_arrow_long.svg,3,0,1
src/modules/savedLanes/store/getter-types.ts,3,3,2
src/common/services/readme.md,3,0,1
src/styles/variables.scss,3,0,2
microfrontends/ReadMe.md,3,3,2
src/modules/bids/models/mocks/index.ts,3,6,4
src/modules/accept-now/featureFlags.ts,3,3,6
src/modules/marketplace/store/mocks/index.ts,3,0,1
src/modules/bids/featureFlags.ts,3,3,6
src/modules/accept-now/services/index.ts,3,3,3
src/modules/orders/tracking/index.ts,3,6,4
src/event/TrackingEvent.ts,3,3,2
src/common/filter/readme.md,3,0,1
src/languages/readme.md,3,0,1
src/modules/accept-now/tracking/index.ts,3,6,3
src/common/http/loggers/index.ts,3,0,1
src/modules/bids/services/mocks/index.ts,3,5,5
src/modules/marketplace/events/index.ts,3,0,1
src/modules/marketplace/featureFlags.ts,3,3,5
src/modules/filters/store/getter-types.ts,3,3,2
src/notifications/index.ts,3,0,1
src/store/readme.md,3,0,1
src/modules/bids/app/index.ts,3,5,4
src/modules/accept-now-deprecated/models/accept-now-dialog.ts,3,0,1
src/modules/bids/readme.md,3,0,1
src/modules/accept-now-deprecated/events/index.ts,3,0,1
src/modules/inftrastructure/readme.md,3,0,1
src/events/TrackingEvent.ts,3,3,2
src/modules/config/readme.md,3,0,1
babel.config.js,3,0,1
src/modules/accept-now-deprecated/services/index.ts,3,0,1
.npmrc,2,0,1
src/modules/bids-deprecated/app/bidding-block/bidding-statuses/index.ts,2,0,2
src/modules/bids-deprecated/app/bidding-block/accepted-state/index.ts,2,0,2
src/modules/bids-deprecated/app/bidding-block/awaiting-matching-confirmation-state/index.ts,2,0,2
src/orchestrated/index.ts,2,3,5
src/modules/bids-deprecated/app/bidding-block/bid-form/index.ts,2,0,2
src/modules/transport-offers/feature-flags.ts,2,2,3
src/modules/bids-deprecated/services/errors/index.ts,2,0,2
src/modules/bids/events/mocks/index.ts,2,2,4
src/modules/accept-now-deprecated/app/index.ts,2,0,1
src/event-tracking/index.ts,2,4,3
src/experiments/use-auth-v4/featureFlags.ts,2,1,3
src/modules/orders/events/mocks/index.ts,2,0,2
src/modules/filters/services/mocks/index.ts,2,0,1
src/modules/orders/tracking/mocks/index.ts,2,2,4
src/modules/bids-deprecated/app/bidding-block/bidding-statuses/bid-status/index.ts,2,0,2
src/modules/bids-deprecated/events/mocks/index.ts,2,0,2
src/modules/bids-deprecated/app/bidding-block/index.ts,2,0,2
src/modules/accept-now-deprecated/models/index.ts,2,0,1
src/common/scripts/constants.ts,2,2,2
src/modules/accept-now-deprecated/composition/index.ts,2,0,1
src/modules/orders/models/mocks/index.ts,2,3,4
src/modules/marketplace/tracking/mocks/index.ts,2,0,2
src/modules/accept-now/composition/index.ts,2,2,3
src/modules/currencies/index.ts,2,0,1
src/modules/bids-deprecated/app/bidding-block-actions/index.ts,2,0,2
src/modules/constants.ts,2,0,2
src/event/mocks/index.ts,2,2,2
src/modules/accept-now/models/index.ts,2,2,2
src/modules/filters/featureFlags.ts,2,1,3
src/modules/accept-now/app/index.ts,2,2,3
src/assets/weight-hanging-solid.svg,1,3,4
src/experiments/time-auction/featureFlags.ts,1,0,1
src/modules/marketplace/components/orders/complementary-loads/composition/index.ts,1,0,1
src/modules/accept-now-deprecated/models/mocks/index.ts,1,0,1
src/modules/next-load-suggestions-deprecated/featureFlags.ts,1,0,1
src/modules/bids/app/bidding-block/bidding-statuses/index.ts,1,2,3
src/modules/accept-now-deprecated/app/accept-now-action/index.ts,1,0,1
src/modules/accept-now/app/accept-now-block/index.ts,1,1,2
src/modules/orders/components/order-details/order-not-ready/index.ts,1,0,1
microfrontends/index.ts,1,1,2
src/modules/bids/app/bidding-block-actions/index.ts,1,2,3
src/modules/accept-now/services/mocks/index.ts,1,1,2
src/modules/bids/app/bidding-block/index.ts,1,2,3
src/coral.d.ts,1,1,2
src/modules/orders/base/constants.ts,1,1,2
src/modules/accept-now/models/mocks/index.ts,1,1,2
src/modules/next-load-suggestions/featureFlags.ts,1,1,2
src/modules/bids/tracking/mocks/index.ts,1,1,2
src/modules/bids/app/bidding-block/bidding-statuses/bid-status/index.ts,1,2,3
src/modules/accept-now/app/accept-now-action/index.ts,1,1,2
src/filters/application/use-cases/FilterByLocationUseCase.ts,1,1,2
src/modules/bids/app/bidding-block/awaiting-matching-confirmation-state/index.ts,1,2,3
src/common/components/index.ts,1,0,1
src/common/types/feature-flags.ts,1,0,1
src/modules/transport-offers/services/mocks/index.ts,1,0,1
src/common/http/mocks/index.ts,1,0,1
src/modules/notifications/index.ts,1,0,1
src/common/types/index.ts,1,0,1
src/modules/tender/featureFlags.ts,1,1,2
src/modules/bids/app/bidding-block/bid-form/index.ts,1,2,3
src/modules/notifications/compositions/index.ts,1,0,1
src/types/coral.d.ts,1,0,1
src/modules/accept-now-deprecated/app/accept-now-block/index.ts,1,0,1
src/experiments/time-auction/index.ts,1,0,1
src/modules/accept-now-deprecated/events/mocks/index.ts,1,0,1
src/index.ts,1,0,1
src/modules/accept-now-deprecated/constants.ts,1,0,1
src/modules/marketplace/tracking/index.ts,1,0,1
src/common/compositions/mocks/index.ts,1,0,1
src/modules/orders/featureFlags.ts,1,1,2
src/modules/bids/app/bidding-block/accepted-state/index.ts,1,2,3
src/modules/bids/services/errors/index.ts,1,2,3
src/tracking/index.ts,1,0,1
src/modules/accept-now/events/mocks/index.ts,1,1,2
src/modules/accept-now/tracking/mocks/index.ts,1,1,2
src/common/featureFlags.ts,1,1,2
src/common/types/userPermissions.ts,0,0,4
src/modules/transport-offers/mocks/index.ts,0,0,1
src/modules/transport-offers/models/index.ts,0,0,1
src/modules/transport-offers/detail/components/index.ts,0,0,1
src/modules/transport-offers/list/store/index.ts,0,0,1
src/modules/transport-offers/detail/store/index.ts,0,0,1
src/assets/pngs/no-route-map-placeholder.png,0,0,1
src/modules/transport-offers/services/index.ts,0,0,1
src/modules/accept-now-deprecated/featureFlags.ts,0,0,1
src/modules/bids/components/.gitkeep,0,0,1
src/modules/config/.gitkeep,0,0,1
src/modules/transport-offers/list/components/index.ts,0,0,1
public/favicon.ico,0,0,1
src/modules/bids/services/.gitkeep,0,0,1
src/modules/bids-deprecated/featureFlags.ts,0,0,2
src/modules/bids/models/.gitkeep,0,0,1
