entity,soc
src/modules/orders/mocks/marketplace.mocks.ts,2677
src/modules/orders/types/interfaces.ts,2571
src/modules/marketplace/components/orders/MarketplaceOrderRow.vue,2536
src/modules/marketplace/types/interfaces.ts,2415
src/modules/marketplace/store/actions.ts,2351
src/modules/orders/components/order-details/order-content/OrderDetailsContent.vue,2254
src/modules/orders/services/MarketplaceOrderService.ts,2165
src/modules/marketplace/components/orders/__tests__/MarketplaceOrderRow.spec.ts,2074
src/modules/orders/mocks/orders.mock.ts,2055
src/modules/filters/store/actions.ts,2030
src/store/index.ts,1902
src/modules/assignments/base/dependencies.ts,1886
src/common/types/interfaces.ts,1814
src/modules/bids/models/Bid.ts,1794
src/modules/orders/base/dependencies.ts,1783
src/modules/marketplace/components/orders/MarketplaceOrderList.vue,1764
src/setup-jest.ts,1743
src/modules/filters/components/filter-add/FilterAdd.vue,1701
src/common/base/helpers.ts,1672
src/store/types.ts,1669
src/common/config/config.ts,1636
src/modules/bids/models/mocks/Bid.ts,1599
src/modules/assignments/services/BffAssignmentService.ts,1591
src/bootstrap.ts,1588
src/modules/filters/components/filter-edit/SavedLaneEditDialog.vue,1577
src/modules/marketplace/store/mutations.ts,1569
src/App.vue,1562
src/modules/assignments/store/actions.ts,1561
src/modules/assignments/services/AssignmentService.ts,1559
src/modules/orders/components/order-details/OrderDetailsPage.vue,1555
src/modules/assignments/services/__tests__/BffAssignmentService.spec.ts,1541
src/modules/filters/components/filter-bar/Sorting.vue,1523
src/modules/marketplace/store/getters.ts,1512
src/modules/filters/components/filter-bar/MarketplaceListStatusBar.vue,1512
src/modules/filters/components/filter-details/SavedLane.vue,1508
src/modules/orders/mocks/transport-offers.mock.ts,1495
src/common/filter/Status.vue,1481
src/common/types/enums.ts,1450
src/modules/orders/components/order-details/__tests__/OrderDetailsPage.spec.ts,1432
src/modules/marketplace/types/enums.ts,1409
src/modules/filters/base/dependencies.ts,1407
src/modules/marketplace/store/index.ts,1400
src/modules/assignments/components/Assignments.vue,1358
src/common/types/constants.ts,1356
src/modules/filters/components/filter-details/SavedLaneDetails.vue,1349
src/modules/filters/components/common/RadiusFilter.vue,1345
src/modules/filters/components/filter-list/SavedLaneWithOrders.vue,1336
src/modules/tender/components/tender-details/TenderDetails.vue,1330
src/modules/marketplace/store/actions.spec.ts,1329
src/modules/filters/base/helpers.ts,1321
src/modules/orders/mocks/store.mock.ts,1317
src/routes.ts,1315
src/modules/accept-now/app/AcceptNowConfirmDialog.vue,1315
src/modules/filters/store/mutations.ts,1306
src/modules/filters/store/getters.ts,1298
src/common/base/mixins/__tests__/refreshDialogMixin.spec.ts,1297
src/modules/tender/services/BiddingTenderService.ts,1296
src/modules/assignments/classes/__tests__/OrderAssignmentsResponse.spec.ts,1294
src/modules/filters/components/filter-bar/__tests__/Sorting.spec.ts,1288
src/modules/orders/services/MarketplaceClient.ts,1282
src/modules/assignments/classes/OrderAssignmentsResponse.ts,1281
src/modules/assignments/services/MothershipAssignmentService.ts,1269
src/modules/assignments/types/serviceTypes.ts,1264
src/common/filter/__tests__/Status.spec.ts,1259
src/modules/assignments/components/AssignmentRow.vue,1244
src/modules/assignments/types/storeTypes.ts,1229
src/modules/assignments/store/mutations.ts,1229
src/modules/assignments/store/getters.ts,1229
src/modules/assignments/mocks/store.mock.ts,1217
src/common/filter/ListStatusBar.vue,1217
src/modules/assignments/store/__tests__/actions.spec.ts,1215
package.json,1215
src/modules/filters/components/filter-details/__tests__/SavedLane.spec.ts,1208
src/common/filter/AddressTypeAhead.vue,1201
src/modules/assignments/components/assignmentDetailsDialog/__tests__/OrderDetailsLoadContent.spec.ts,1198
src/modules/orders/components/order-details/order-content/order-load-details/order-map/__tests__/OrderDetailsMap.spec.ts,1197
src/modules/filters/components/common/DropdownFilter.vue,1195
src/modules/assignments/components/assignmentDetailsDialog/OrderDetailsLoadSectionDetails.vue,1194
src/modules/filters/components/filter-details/__tests__/SavedLaneDetails.spec.ts,1193
src/modules/bids/app/bidding-block/useBiddingBlock.ts,1192
src/common/base/mocks.ts,1189
src/modules/orders/services/marketplace-transformers.ts,1183
src/modules/assignments/components/orders/VehicleTypes.vue,1183
src/modules/tender/components/tender-list/TendersNoResults.vue,1180
src/modules/assignments/components/AssignmentsFilters.vue,1179
src/modules/assignments/components/orders/ContactTableCell.vue,1166
src/common/filter/DateRangePicker.vue,1166
src/modules/assignments/services/__tests__/AssignmentService.spec.ts,1165
src/modules/tender/base/dependencies.ts,1164
src/modules/filters/components/filter-list/__tests__/SavedLaneList.spec.ts,1161
src/modules/assignments/components/assignmentDetailsDialog/__tests__/AssignmentDetailsView.spec.ts,1161
src/modules/marketplace/base/dependencies.ts,1159
src/modules/assignments/components/assignmentDetailsDialog/__tests__/OrderDetailsLoadSectionDetails.spec.ts,1154
src/modules/bids/app/bidding-block/cancel-bid-dialog/CancelBidDialog.vue,1153
src/modules/assignments/services/__tests__/MothershipAssignmentService.spec.ts,1146
src/modules/orders/events/OrderEvents.ts,1145
src/modules/orders/events/OrderEventConsumer.spec.ts,1141
src/modules/assignments/classes/OrderAssignment.ts,1141
src/modules/assignments/components/assignmentDetailsDialog/OrderDetailsLoadContent.vue,1140
src/modules/orders/services/marketplace-transformers.spec.ts,1136
package-lock.json,1135
src/modules/bids/store/getters.ts,1133
src/modules/marketplace/components/MarketplaceTabs.vue,1131
src/modules/filters/components/filter-add/__tests__/FilterAdd.spec.ts,1131
src/modules/assignments/components/orders/OrderRouteTableCells.vue,1129
src/modules/filters/components/common/__tests__/RadiusFilter.spec.ts,1127
src/modules/filters/components/common/__tests__/RadiusAddressWrapper.spec.ts,1127
src/modules/filters/components/common/__tests__/DropdownFilter.spec.ts,1127
src/modules/filters/components/__tests__/SavedLanesNoResults.spec.ts,1127
src/modules/assignments/components/orders/__tests__/VehicleTypes.spec.ts,1126
src/modules/assignments/common/__tests__/Table.spec.ts,1124
src/modules/tender/components/tender-details/tender-content/TenderBid.vue,1119
src/modules/assignments/components/orders/__tests__/ContactTableCell.spec.ts,1115
src/modules/assignments/components/OrderDetailsTotalPrice.vue,1115
src/modules/tender/components/tender-details/tender-content/tender-bids/__tests__/TenderBidChange.spec.ts,1113
src/modules/orders/components/order-details/order-content/OrderDetailsContent.spec.ts,1111
src/modules/orders/services/MarketplaceClient.spec.ts,1106
src/modules/assignments/components/assignmentDetailsDialog/OrderDetailsLoadSection.vue,1105
src/common/filter/TypeAheadField.vue,1103
src/modules/bids/services/errors/BiddingServiceErrors.ts,1097
src/modules/assignments/classes/__tests__/OrderAssignment.spec.ts,1097
src/modules/assignments/components/orders/OrderId.vue,1096
src/modules/assignments/components/ValidityCounter.vue,1096
src/modules/assignments/components/ListPagination.vue,1096
src/modules/tender/components/tender-list/TendersTable.vue,1091
src/modules/assignments/components/orders/OrderRoutePickup.vue,1087
src/modules/assignments/components/orders/OrderRouteDropoff.vue,1087
src/modules/assignments/components/orders/OrderRequirements.vue,1087
src/modules/assignments/components/assignmentDetailsDialog/OrderDetailsSectionHeadline.vue,1087
src/modules/assignments/components/orders/__tests__/OrderRouteTableCells.spec.ts,1078
src/modules/assignments/components/orders/__tests__/OrderRequirementsTableCell.spec.ts,1078
src/modules/assignments/components/orders/__tests__/OrderLoadDescriptionTableCell.spec.ts,1078
src/modules/assignments/components/orders/__tests__/OrderIdTableCell.spec.ts,1078
src/modules/assignments/components/orders/__tests__/LoadWeightSpecification.spec.ts,1078
src/modules/assignments/components/assignmentDetailsDialog/__tests__/OrderDetailsTotalPrice.spec.ts,1078
src/modules/assignments/components/assignmentDetailsDialog/__tests__/OrderDetailsSectionHeadline.spec.ts,1078
src/modules/assignments/components/assignmentDetailsDialog/__tests__/OrderDetailsLoadSection.spec.ts,1078
src/modules/assignments/components/assignmentDetailsDialog/__tests__/OrderDetailsDialogHeadline.spec.ts,1078
src/modules/marketplace/components/Marketplace.vue,1072
src/common/services/RestService.ts,1072
src/common/components/HereMap.vue,1068
src/router.ts,1060
src/modules/bids/store/getters.spec.ts,1053
src/modules/marketplace/types/storeTypes.ts,1052
src/modules/orders/segmentEvents.ts,1046
src/modules/orders/services/MarketplaceOrderService.spec.ts,1045
src/modules/filters/components/filter-bar/Sorting.spec.ts,1044
src/modules/bids/base/helpers.ts,1037
src/modules/filters/services/SavedLaneClient.spec.ts,1033
src/modules/marketplace/constants.ts,1015
src/modules/filters/events/FilterEventConsumer.ts,1013
src/modules/filters/events/FilterEvents.ts,1012
src/modules/filters/components/filter-add/FilterAdd.spec.ts,1008
src/modules/bids/services/BiddingRegularOrderService.ts,1004
src/modules/bids/app/bid-table-cell/actions/OrderListBidActions.vue,998
src/modules/assignments/types/interfaces.ts,995
src/modules/filters/events/FilterEventConsumer.spec.ts,992
src/modules/bids/app/bidding-block/useBiddingBlock.spec.ts,989
src/modules/filters/components/filter-bar/Status.vue,988
src/modules/filters/components/filter-add/SavedLaneConfirmDialog.vue,987
src/modules/filters/components/SavedLanes.vue,977
src/modules/marketplace/models/mocks/ZeroResultsRecommendedOrders.ts,976
src/modules/filters/components/SavedLanesNoResults.vue,974
src/modules/accept-now/app/useAcceptNowConfirm.spec.ts,971
src/modules/accept-now/app/AcceptNowConfirmDialog.spec.ts,969
src/modules/bids/models/BidActions.ts,965
src/modules/filters/services/SavedLaneService.ts,963
src/modules/bids/models/mocks/BidActions.ts,957
src/modules/filters/components/filter-bar/Status.spec.ts,956
src/modules/bids/models/BidCondition.ts,956
src/modules/filters/store/index.ts,953
src/modules/marketplace/components/LoadLockedPromoBanner.vue,952
src/modules/filters/services/SavedLaneService.spec.ts,940
.env.dev,938
src/modules/filters/components/filter-edit/SavedLaneEditDialog.spec.ts,934
src/common/scripts/backendClient.ts,930
src/modules/filters/services/SavedLaneClient.ts,929
src/common/base/mixins/__tests__/RefreshDialogTestComponent.vue,929
.env.prod,925
src/modules/filters/models/mocks/Filter.ts,922
src/modules/tender/components/tender-details/tender-content/tender-bids/__tests__/TenderPlaceBid.spec.ts,920
src/modules/filters/components/filter-bar/useSorting.ts,919
src/modules/bids/app/bidding-block/bid-form/BidForm.vue,917
src/modules/tender/components/tender-details/__tests__/TenderDetails.spec.ts,912
src/common/components/NonAccessPlaceholder.vue,912
src/modules/filters/components/filter-details/SavedLane.spec.ts,910
src/modules/assignments/components/assignmentDetailsDialog/AssignmentDetailsView.vue,908
src/modules/filters/models/interfaces.ts,900
src/modules/next-load-suggestions/composition/useNextLoadSuggestions.ts,895
src/modules/bids/models/BidCondition.spec.ts,895
src/modules/next-load-suggestions/composition/useNextLoadSuggestions.spec.ts,894
src/modules/accept-now/app/useAcceptNowConfirm.ts,893
src/orchestrated/auth.ts,890
src/modules/filters/types/interfaces.ts,881
src/modules/filters/models/storeTypes.ts,876
src/modules/filters/models/mocks/savedLanes.mock.ts,876
src/modules/filters/models/enums.ts,876
src/modules/filters/components/filter-bar/useSorting.spec.ts,876
src/modules/assignments/components/Assignments.spec.ts,874
src/modules/tender/tender.mocks.ts,869
src/modules/assignments/store/index.ts,868
src/orchestrated/sharedData.ts,850
src/common/base/orcas.ts,849
src/modules/orders/base/helpers.ts,847
src/modules/orders/models/mocks/Order.ts,846
src/modules/bids/services/BiddingClient.ts,845
src/modules/assignments/services/backendClient.ts,845
src/modules/filters/models/serviceTypes.ts,841
src/modules/filters/models/mocks/index.ts,841
src/modules/filters/models/index.ts,841
src/modules/filters/components/filter-list/SavedLaneList.spec.ts,841
src/modules/filters/components/filter-list/SavedLaneCarousel.spec.ts,841
src/modules/filters/components/filter-details/SavedLaneDetails.spec.ts,841
src/modules/filters/components/SavedLanesNoResults.spec.ts,841
src/modules/bids/app/bid-table-cell/status/OrderListBidStatus.vue,841
src/modules/orders/components/order-details/order-content/order-mobile/OrderBidDialog.vue,837
src/modules/filters/types/serviceTypes.ts,837
src/modules/bids/app/bidding-block/confirm-bid-dialog/ConfirmBidDialog.vue,837
src/modules/filters/components/common/RadiusFilter.spec.ts,833
src/common/filter/ResetInputButton.vue,829
src/modules/assignments/types/enums.ts,826
src/modules/tender/components/tender-list/tender-table-row/TenderTableCellYourBids.vue,823
src/modules/assignments/store/mutations-types.ts,821
src/modules/assignments/store/getter-types.ts,821
src/modules/assignments/store/action-types.ts,821
src/modules/assignments/components/AssignmentsActionButtons.vue,820
src/modules/bids/app/bidding-block/BiddingBlock.vue,818
src/modules/assignments/components/orders/OrderLoadDescriptionTableCell.vue,815
src/common/services/errors/__tests__/GenericServiceErrors.spec.ts,814
src/common/filter/__tests__/AddressTypeAhead.spec.ts,811
src/orchestrated/logger.ts,810
src/modules/filters/mocks/savedLanes.mock.ts,808
src/modules/marketplace/components/MarketplaceAllLanes.vue,805
src/modules/filters/components/common/AddressTypeAhead.vue,804
src/modules/bids/app/bidding-block/bidding-statuses/useBiddingStatus.spec.ts,804
src/modules/assignments/mocks/orderAssignments.ts,804
src/modules/marketplace/components/orders/MarketplaceZeroResultsRecommendations.spec.ts,800
src/common/services/GenericService.ts,800
src/modules/filters/components/filter-bar/ListStatusBar.vue,799
src/modules/filters/components/common/ResetInputButton.vue,799
src/modules/assignments/components/orders/OrderSpecificationsTableCell.vue,797
src/modules/assignments/components/orders/OrderRequirementsTableCell.vue,797
src/modules/assignments/components/orders/OrderIdTableCell.vue,797
src/modules/assignments/components/AssignmentsTableTitles.vue,797
src/modules/filters/types/storeTypes.ts,795
src/modules/filters/types/enums.ts,795
src/modules/filters/components/filter-list/__tests__/SavedLaneCarousel.spec.ts,795
src/modules/assignments/components/AssignmentRow.spec.ts,795
src/modules/orders/types/serviceTypes.ts,792
src/modules/assignments/common/__tests__/TableTitlesWrapper.spec.ts,792
src/modules/assignments/http/errors/__tests__/GenericServiceErrors.spec.ts,791
src/modules/assignments/http/errors/GenericServiceErrors.ts,791
src/modules/assignments/mocks/order.ts,790
src/modules/filters/components/common/TypeAheadField.vue,789
src/modules/assignments/types/constants.ts,787
src/common/components/__tests__/FuelSurcharge.spec.ts,786
src/common/components/FuelSurcharge.vue,786
src/modules/filters/components/common/index.ts,785
src/modules/tender/types/interfaces.ts,779
src/modules/orders/components/order-details/order-content/order-mobile/__tests__/OrderBidDialog.spec.ts,778
src/modules/bids/events/BidEventConsumer.spec.ts,776
src/modules/assignments/mocks/AssignmentService.mock.ts,776
src/common/types/userPermissions.ts,776
src/assets/weight-hanging-solid.svg,776
src/assets/roundtrip.svg,776
src/modules/tender/components/tender-details/tender-content/tender-bids/TenderBidChange.vue,774
src/modules/filters/components/common/AddressTypeAhead.spec.ts,773
src/__tests__/example.spec.ts,772
src/modules/filters/components/filter-add/__tests__/SavedLaneConfirmDialog.spec.ts,767
src/modules/assignments/http/mocks/ServiceHelpers.ts,767
src/modules/assignments/http/interfaces/IRestService.ts,767
src/modules/assignments/http/interfaces/IRestHeader.ts,767
src/modules/assignments/http/interfaces/IGetService.ts,767
src/modules/assignments/http/interfaces/IGenericService.ts,767
src/modules/assignments/http/helpers.ts,767
src/modules/assignments/http/errors/ErrorService.ts,767
src/modules/assignments/http/enums/apiErrors.ts,767
src/modules/assignments/http/custom-errors.ts,767
src/modules/assignments/http/__tests__/helpers.spec.ts,767
src/modules/assignments/http/__tests__/GenericService.spec.ts,767
src/modules/assignments/http/RestService.ts,767
src/modules/assignments/http/GenericService.ts,767
src/modules/assignments/base/casing.ts,767
.env.e2e,764
src/modules/bids/app/bidding-block/bidding-statuses/useBiddingStatus.ts,763
src/modules/marketplace/components/__tests__/MarketplaceTabs.spec.ts,761
src/modules/filters/models/constants.ts,761
src/modules/filters/components/filter-edit/__tests__/SavedLaneEditDialog.spec.ts,761
src/modules/filters/components/filter-bar/__tests__/MarketplaceListStatusBar.spec.ts,761
src/modules/filters/components/filter-bar/MarketplaceListStatusBar.spec.ts,761
src/modules/filters/components/filter-add/SavedLaneConfirmDialog.spec.ts,761
src/modules/filters/components/common/DropdownFilter.spec.ts,761
.env.uat,759
src/modules/tender/components/tender-details/tender-content/tender-bids/TenderPlaceBid.vue,757
src/orchestrated/languages.ts,756
src/modules/orders/models/mocks/Filter.ts,756
src/modules/marketplace/helpers.ts,756
src/modules/assignments/base/mixins/autoReload.ts,756
src/modules/assignments/mocks/sennderContact.mock.ts,755
src/modules/assignments/components/orders/LoadWeightSpecification.vue,755
src/modules/assignments/components/assignmentDetailsDialog/OrderDetailsDialogHeadline.vue,755
src/modules/assignments/common/TableTitlesWrapper.vue,755
src/modules/assignments/common/Table.vue,755
src/modules/assignments/base/segmentEvents.ts,755
src/common/config/tenants.ts,755
src/modules/orders/store/getters.ts,752
src/modules/assignments/segmentEvents.ts,752
src/modules/filters/types/interface.ts,750
src/modules/bids/services/BiddingRegularOrderService.spec.ts,750
src/modules/bids/app/bid-table-cell/OrderListBid.vue,750
src/modules/bids/events/BidEventConsumer.ts,749
src/App.spec.ts,748
src/modules/assignments/mocks/multiStop.ts,746
src/modules/assignments/components/orders/__tests__/OrderSpecificationsTableCell.spec.ts,746
src/modules/filters/components/filter-add/DsfDateRangePicker.vue,742
src/modules/filters/components/filter-add/DsfDateRangePicker.spec.ts,742
src/modules/filters/components/common/RadiusAddressWrapper.spec.ts,742
src/modules/filters/components/filter-bar/__tests__/useSorting.spec.ts,741
src/orchestrated/notifications.ts,740
src/modules/orders/models/mocks/index.ts,740
src/modules/marketplace/components/MarketplaceSavedLanes.vue,739
src/common/filter/__tests__/DsfDateRangePicker.spec.ts,736
src/common/filter/DsfDateRangePicker.vue,736
src/modules/accept-now/services/AcceptNowService.ts,733
src/modules/orders/classes/OrderDetailsView.ts,729
src/modules/assignments/components/ValidityCounter.spec.ts,729
src/modules/assignments/components/AssignmentsFilters.spec.ts,729
src/modules/marketplace/models/TransportOffers.ts,728
src/common/components/TransportRequestStatusTableCell.vue,727
src/modules/assignments/components/Status.vue,724
src/modules/marketplace/components/orders/MarketplaceOrderList.spec.ts,721
src/common/filter/__tests__/DateRangePicker.spec.ts,721
src/modules/bids/services/BiddingClient.spec.ts,717
src/modules/bids/services/IBiddingService.ts,716
src/modules/bids/app/bidding-block/useCancelBidDialog.ts,712
src/modules/bids/app/bidding-block/useCancelBidDialog.spec.ts,712
src/modules/tender/components/tender-details/tender-content/__tests__/TenderRoute.spec.ts,710
tsconfig.json,709
src/modules/bids/app/bidding-block/BiddingBlock.spec.ts,708
src/common/classes/MarketplaceTab.ts,705
src/modules/orders/components/order-details/order-content/order-load-details/order-route-details/__tests__/OrderDetailsStops.spec.ts,704
src/local-setup.ts,704
src/modules/bids/store/actions.ts,702
src/modules/bids/events/BidEvents.ts,701
src/modules/bids/services/BiddingOrderService.ts,699
src/modules/bids/models/index.ts,691
src/modules/accept-now/services/AcceptNowService.spec.ts,688
webpack/webpack.prod.js,685
src/modules/tender/components/tender-list/__tests__/TendersNoResults.spec.ts,684
src/modules/orders/components/order-details/order-content/order-load-details/order-route-details/__tests__/verticalStepper.spec.ts,684
src/modules/tender/services/TenderService.ts,681
src/modules/tender/components/tender-details/tender-content/tender-bids/__tests__/TenderPriceBidInput.spec.ts,679
src/modules/tender/components/tender-details/tender-content/__tests__/TenderContent.spec.ts,679
src/modules/bids/services/BiddingOrderService.spec.ts,676
src/modules/orders/components/order-details/order-next-suggestions/NextLoadSuggestions.vue,674
src/modules/orders/components/order-details/order-content/order-load-details/__tests__/OrderDetailsSectionHeadline.spec.ts,674
src/modules/bids/composition/useAvailableBidActions.spec.ts,670
src/modules/tender/components/tender-details/tender-content/tender-load-details/__tests__/TenderContractInfo.spec.ts,669
src/modules/orders/components/common/__tests__/OrderRouteStop.spec.ts,667
src/common/components/OrderDistance.vue,661
src/modules/tender/components/tender-details/tender-content/tender-load-details/__tests__/TenderRequirements.spec.ts,659
src/modules/orders/components/order-details/order-content/order-load-details/order-description/__tests__/OrderDetailsDescription.spec.ts,659
src/modules/bids/app/bid-table-cell/OrderListBid.spec.ts,659
src/modules/orders/store/__tests__/actions.spec.ts,657
src/modules/bids/app/bidding-block/bid-form/BidForm.spec.ts,656
src/modules/bids/services/mocks/index.ts,655
src/modules/bids/store/actions.spec.ts,654
src/common/components/VehicleTypes.vue,652
src/modules/bids-deprecated/services/BiddingClient.ts,651
src/modules/tender/components/tender-details/tender-content/__tests__/TenderMap.spec.ts,650
src/modules/tender/components/tender-details/tender-content/__tests__/TenderBid.spec.ts,647
src/modules/bids/app/bidding-block/useBidInAcceptedState.spec.ts,647
src/modules/marketplace/types/serviceTypes.ts,645
src/modules/orders/components/order-details/order-content/__tests__/OrderDetailsContent.spec.ts,643
src/modules/tender/components/tender-details/tender-content/TenderContent.vue,642
src/modules/tender/components/tender-details/tender-content/tender-load-details/__tests__/TenderVehicles.spec.ts,641
src/modules/tender/components/tender-details/tender-content/tender-load-details/__tests__/TenderSpecifications.spec.ts,641
src/modules/tender/components/tender-details/tender-content/tender-load-details/__tests__/TenderLoadDetails.spec.ts,641
src/modules/tender/components/tender-details/tender-content/tender-bids/__tests__/TenderWeekLoadChooser.spec.ts,641
src/modules/tender/components/tender-details/tender-content/tender-bids/__tests__/TenderBidChangeDialog.spec.ts,641
src/modules/tender/components/tender-details/__tests__/TenderError.spec.ts,641
src/modules/orders/components/common/OrderRoute.vue,641
src/common/components/__tests__/MapPlaceholder.spec.ts,641
src/modules/tender/components/tender-details/tender-content/tender-load-details/TenderContractInfo.vue,639
src/modules/bids/events/BidEventKeys.ts,639
src/modules/bids/store/index.ts,638
src/modules/orders/services/__tests__/MarketplaceOrderService.spec.ts,635
src/modules/bids/services/errors/BiddingServiceErrors.spec.ts,635
src/modules/orders/types/enums.ts,634
src/modules/bids-deprecated/app/bid-table-cell/actions/OrderListBidActions.vue,633
src/modules/orders/classes/__tests__/OrderDetailsView.spec.ts,630
src/modules/bids-deprecated/app/bid-table-cell/OrderListBid.spec.ts,628
src/common/http/errors/GenericServiceErrors.spec.ts,626
src/modules/bids/store/mocks/getters.ts,618
src/common/components/__tests__/TransportRequestStatusTableCell.spec.ts,618
src/modules/bids/app/bidding-block/bid-form/useBidForm.ts,615
src/modules/bids-deprecated/services/BiddingClient.spec.ts,612
src/modules/filters/components/filter-list/SavedLanesCarousel.vue,610
src/modules/bids/composition/useBidActions.spec.ts,610
src/modules/bids/services/index.ts,607
src/modules/bids-deprecated/app/bidding-block/bid-form/BidForm.spec.ts,607
src/modules/bids/composition/useBids.spec.ts,606
.gitignore,606
src/modules/tender/store/actions.ts,604
src/modules/orders/components/order-details/order-content/order-load-details/order-route-details/__tests__/loadStopsList.spec.ts,602
src/modules/marketplace/components/orders/__tests__/MarketplaceTable.spec.ts,600
src/modules/bids/store/mutations.ts,599
src/modules/tender/components/tender-list/__tests__/TenderList.spec.ts,595
src/modules/bids/composition/useLowestBidPrice.spec.ts,594
src/modules/bids-deprecated/app/bid-table-cell/actions/OrderListBidActions.spec.ts,593
src/modules/orders/components/order-details/order-content/order-load-details/OrderDetailsSectionHeadline.vue,592
src/common/components/__tests__/VehicleTypes.spec.ts,592
src/modules/tender/components/tender-details/TenderDetailsFloatingBlock.vue,588
src/modules/marketplace/components/__tests__/Marketplace.spec.ts,588
src/modules/bids/models/mocks/index.ts,588
src/modules/bids/app/PlaceBid.spec.ts,587
src/modules/tender/components/tender-list/__tests__/TendersTable.spec.ts,586
src/modules/tender/components/tender-list/__tests__/TenderTableRow.spec.ts,586
src/modules/marketplace/components/orders/MarketplaceTable.vue,586
src/modules/bids/app/bidding-block/bid-form/useBidForm.spec.ts,583
src/experiments/price-guidance/components/PriceGuidanceBanner.spec.ts,583
src/modules/orders/components/common/OrderRouteStop.vue,582
src/modules/bids/app/bid-table-cell/actions/OrderListBidActions.spec.ts,575
src/common/services/errors/GenericServiceErrors.ts,575
src/common/services/interfaces/IGenericService.ts,574
src/modules/orders/store/actions.ts,573
webpack/webpack.common.js,572
src/modules/bids/services/mocks/BiddingService.ts,570
src/modules/bids-deprecated/models/Bid.ts,569
src/modules/filters/segmentEvents.ts,568
src/modules/bids/app/OrderBid.spec.ts,568
src/modules/bids/app/ChangeBid.spec.ts,568
src/modules/bids/app/OrderBid.vue,566
src/modules/bids/services/mocks/BiddingService-mock.ts,565
src/modules/bids/services/mocks/BiddingClient-mock.ts,565
src/modules/orders/components/order-details/order-content/order-load-details/order-description/__tests__/OrderDetailsLoadSection.spec.ts,563
src/modules/bids/services/errors/index.ts,563
src/modules/tender/segmentEvents.ts,562
src/modules/marketplace/components/orders/OrderRouteTableCells.vue,562
src/modules/bids/store/mutations.spec.ts,562
src/modules/bids/composition/useBidActions.ts,562
src/modules/bids-deprecated/events/BidEventConsumer.spec.ts,562
src/common/services/interfaces/IGetService.ts,561
src/modules/tender/components/tender-details/tender-content/tender-load-details/TenderLoadDetails.vue,560
src/modules/orders/mocks/marketplaceService.mocks.ts,560
src/modules/bids/app/accept-now/AcceptNow.vue,560
src/modules/tender/components/tender-details/tender-content/TenderMap.vue,559
src/modules/bids/app/cancel-bid-dialog/CancelBidDialog.vue,559
src/modules/bids/app/bid-details/OrderBid.vue,558
src/modules/bids-deprecated/app/bidding-block/BiddingBlock.spec.ts,557
src/store/mutations.ts,556
src/modules/bids/events/index.ts,556
src/modules/bids/app/bidding-block-actions/BiddingBlockActions.vue,554
src/modules/bids/composition/useAvailableBidActions.ts,553
src/common/segmentEvents.ts,552
src/modules/tender/components/tender-list/TenderTableTitle.vue,550
src/modules/tender/components/tender-details/tender-content/tender-load-details/TenderVehicles.vue,550
src/modules/tender/components/tender-details/tender-content/tender-load-details/HeaderSlot.vue,550
src/modules/tender/components/tender-details/tender-content/TenderRoute.vue,550
src/modules/tender/components/tender-details/Loader.vue,550
src/modules/bids/services/BiddingSpotOrderService.ts,550
src/modules/bids-deprecated/services/BiddingOrderService.ts,549
src/modules/marketplace/segmentEvents.ts,548
src/modules/tender/types/serviceTypes.ts,547
src/modules/bids-deprecated/models/BidActions.ts,547
src/modules/next-load-suggestions/app/order-next-suggestions/__tests__/NextLoadSuggestions.spec.ts,546
src/common/testing/test-helpers.ts,542
src/modules/bids/events/mocks/index.ts,540
src/modules/bids/events/mocks/BidRepository.ts,540
src/modules/bids/events/BidRepository.ts,540
sndt.json,540
src/modules/orders/components/order-details/order-header/Tooltip.vue,539
src/modules/orders/components/order-details/order-header/LoadBundlesTabs.vue,539
src/modules/tender/services/BiddingTenderService.spec.ts,538
src/modules/orders/components/order-details/order-header/OrderDetailsPagination.vue,538
src/modules/bids-deprecated/app/bidding-block/bidding-statuses/bid-status/BiddingStatus.spec.ts,537
src/modules/bids-deprecated/app/bidding-block/bidding-statuses/BiddingStatuses.spec.ts,537
src/modules/bids-deprecated/app/bidding-block/bid-form/useBidForm.spec.ts,537
src/modules/bids-deprecated/app/bidding-block/awaiting-matching-confirmation-state/AwaitingMatchingConfirmationState.spec.ts,537
src/modules/bids-deprecated/app/bidding-block/accepted-state/AcceptedState.spec.ts,537
src/modules/bids-deprecated/app/bidding-block-actions/BiddingBlockActions.spec.ts,537
src/modules/bids-deprecated/app/bid-table-cell/status/OrderListBidStatus.spec.ts,537
src/modules/bids/base/helpers.spec.ts,536
src/tracking/helpers.ts,532
src/modules/bids/widgets/AcceptNowConfirmDialog.vue,532
src/modules/bids-deprecated/events/BidEventConsumer.ts,532
src/modules/orders/components/order-details/order-next-suggestions/__tests__/NextLoadSuggestions.spec.ts,528
src/modules/tender/classes/tender-details/ContractInfo.ts,523
src/modules/bids/app/floating-block/OrderDetailsFloatingBlock.vue,523
src/modules/bids/app/bid-input/BidInputWithCondition.vue,523
src/modules/bids/app/OrderBidBlock.spec.ts,523
src/common/http/http-client.ts,523
src/modules/bids/featureFlags.ts,522
src/modules/bids/services/BiddingSpotOrderService.spec.ts,521
src/modules/bids-deprecated/models/mocks/BidActions.ts,521
src/modules/tender/store/mutations.ts,520
src/modules/bids/widgets/AcceptNowConfirmDialog.spec.ts,520
src/modules/bids/app/accept-now/AcceptNow.spec.ts,520
src/modules/bids-deprecated/services/BiddingOrderService.spec.ts,519
src/modules/bids/app/bidding-block/useBidInAwaitingMatchingConfirmationState.spec.ts,518
src/modules/bids/app/bidding-block/bidding-statuses/BiddingStatuses.spec.ts,517
src/modules/bids/app/bid-table-cell/status/useBidStatus.ts,517
src/modules/bids/composition/index.ts,516
src/modules/bids-deprecated/app/bidding-block/bid-form/BidForm.vue,516
src/modules/bids/app/bidding-block/bidding-statuses/bid-status/BidStatus.vue,515
src/modules/bids/app/bidding-block/accepted-state/AcceptedState.vue,515
src/modules/bids/app/bid-table-cell/status/OrderListBidStatus.spec.ts,515
src/modules/bids-deprecated/store/actions.ts,513
src/modules/bids-deprecated/store/actions.spec.ts,513
.gitlab-ci.yml,512
src/modules/bids/models/mocks/ResponseWrapper.ts,510
src/modules/marketplace/components/orders/__tests__/MarketplaceOrderList.spec.ts,508
src/modules/bids-deprecated/models/mocks/Bid.ts,508
src/common/services/interfaces/IRestService.ts,507
src/modules/orders/components/order-details/order-content/order-load-details/order-route-details/OrderDetailsStops.vue,506
src/modules/bids/app/bidding-block/bidding-statuses/BiddingStatuses.vue,505
src/modules/bids/app/last-bid/LastBid.vue,504
src/modules/bids/app/floating-block/OrderDetailsFloatingBlock.spec.ts,504
src/modules/bids/app/cta-buttons/CTAButtons.vue,504
src/modules/bids/app/confirm-bid-dialog/ConfirmBidDialog.vue,504
src/modules/bids/app/bid-input/change-bid-condition/OrderChangeBidCondition.vue,504
src/modules/bids/app/bid-input/BidInputWithCondition.spec.ts,504
src/modules/bids/app/bidding-block/useBidInAcceptedState.ts,503
src/modules/bids/app/bidding-block-actions/BiddingBlockActions.spec.ts,503
src/modules/bids/app/OrderBidBlock.vue,503
src/modules/tender/classes/tender-details/TenderDetailsResponse.ts,502
src/modules/marketplace/components/Banner.vue,502
src/modules/bids-deprecated/app/bidding-block/useBiddingBlock.ts,501
src/modules/bids/app/index.ts,500
src/modules/accept-now/app/AcceptNowSuccessDialog.vue,498
src/modules/bids/tracking/trackBidEvent.ts,496
src/modules/accept-now/models/accept-now.ts,494
src/modules/accept-now/app/AcceptNowSuccessDialog.spec.ts,494
src/modules/bids/composition/useBids.ts,493
src/orchestrated/sentry.ts,492
src/modules/bids-deprecated/services/mocks/BiddingClient-mock.ts,492
src/modules/bids-deprecated/services/errors/BiddingServiceErrors.ts,492
src/modules/bids-deprecated/composition/useAvailableBidActions.spec.ts,492
src/modules/assignments/components/__tests__/Assignments.spec.ts,492
src/modules/marketplace/components/orders/OrderActionsButtonTableCell.vue,491
src/modules/tender/classes/tender-details/__tests__/LoadRequirement.spec.ts,490
src/modules/tender/classes/tender-details/__tests__/ContractInfo.spec.ts,490
src/modules/bids/app/bid-table-cell/status/useBidStatus.spec.ts,489
src/modules/bids/app/bidding-block/awaiting-matching-confirmation-state/AwaitingMatchingConfirmationState.vue,488
src/common/components/load-stops-list/StopAccordion.vue,488
src/modules/orders/components/order-details/order-content/order-load-details/order-description/OrderDetailsDescription.vue,487
src/modules/filters/components/filter-bar/BundleOptionsFilterDropdown.vue,487
src/modules/bids/app/bidding-block/bidding-statuses/index.ts,487
src/modules/bids/app/bidding-block/bidding-statuses/bid-status/index.ts,487
src/modules/bids/app/bidding-block/bidding-statuses/bid-status/BiddingStatus.spec.ts,487
src/modules/bids/app/bidding-block/bid-form/index.ts,487
src/modules/bids/app/bidding-block/accepted-state/index.ts,487
src/modules/bids/app/bidding-block/accepted-state/AcceptedState.spec.ts,487
src/modules/bids-deprecated/composition/useAvailableBidActions.ts,486
src/modules/filters/services/SavedLaneOrderService.ts,485
src/modules/bids/store/mocks/store.ts,485
src/modules/bids/store/mocks/state.ts,485
src/modules/bids/store/mocks/index.ts,485
src/modules/bids/app/bid-input/change-bid-condition/OrderChangeBidCondition.spec.ts,484
src/modules/tender/store/getters.ts,481
src/modules/bids-deprecated/services/mocks/BiddingService-mock.ts,478
src/modules/bids-deprecated/services/index.ts,478
src/modules/bids-deprecated/services/IBiddingService.ts,478
src/modules/bids-deprecated/composition/useLowestBidPrice.spec.ts,478
src/modules/bids-deprecated/composition/useBids.spec.ts,478
src/modules/bids-deprecated/app/bidding-block/useBidInAcceptedState.spec.ts,478
src/modules/bids/composition/useLowestBidPrice.ts,477
src/modules/bids/app/bidding-block-actions/index.ts,477
src/common/components/TableNoResults.vue,477
src/modules/marketplace/components/orders/OrderBundleTableCell.vue,476
src/modules/tender/classes/tender-details/RouteLocationList.ts,475
src/common/components/load-stops-list/__tests__/RouteNotes.spec.ts,475
src/modules/marketplace/components/orders/MarketplaceZeroResultsRecommendations.vue,473
src/modules/tender/classes/tender-details/__tests__/RouteLocationList.spec.ts,472
src/modules/tender/classes/tender-details/RouteLocation.ts,472
src/modules/orders/components/order-details/order-content/order-load-details/order-description/OrderDetailsLoadSection.vue,472
src/modules/bids-deprecated/app/bid-table-cell/OrderListBid.vue,472
src/modules/bids-deprecated/app/bidding-block/useBiddingBlock.spec.ts,471
src/languages/en.json,470
src/modules/bids/app/bidding-block/index.ts,469
src/modules/bids/app/bidding-block/useBidInAwaitingMatchingConfirmationState.ts,467
src/modules/bids/app/cancel-bid-dialog/CancelBid.spec.ts,464
src/modules/tender/classes/tender-details/__tests__/VehicleDetails.spec.ts,463
src/modules/tender/classes/tender-details/__tests__/LoadSpecification.spec.ts,463
src/modules/tender/classes/tender-details/__tests__/LoadDetails.spec.ts,463
src/modules/tender/classes/tender-details/VehicleDetails.ts,463
src/modules/tender/classes/tender-details/LoadSpecification.ts,463
src/modules/tender/classes/tender-details/LoadDetails.ts,463
src/modules/tender/classes/tender-details/Capacity.ts,463
src/common/http/http-client.spec.ts,463
src/common/components/table/__tests__/Table.spec.ts,463
src/modules/bids/app/bidding-block/awaiting-matching-confirmation-state/index.ts,460
src/modules/bids/app/bidding-block/awaiting-matching-confirmation-state/AwaitingMatchingConfirmationState.spec.ts,460
src/modules/bids-deprecated/composition/useBidActions.ts,460
src/modules/bids-deprecated/composition/useBidActions.spec.ts,460
src/modules/bids-deprecated/app/bidding-block/bidding-statuses/useBiddingStatus.spec.ts,460
src/experiments/price-guidance/usePriceGuidance.ts,460
src/common/components/DayDifference.vue,460
src/common/services/__tests__/GenericService.spec.ts,458
src/orchestrated/error-handler.ts,457
src/languages/ru.json,457
src/languages/pt.json,457
src/languages/pl.json,457
src/languages/it.json,457
src/languages/fr.json,457
src/languages/es.json,457
src/languages/de.json,457
src/modules/bids-deprecated/app/bidding-block/BiddingBlock.vue,456
src/modules/bids-deprecated/app/bidding-block/cancel-bid-dialog/CancelBidDialog.vue,455
src/common/components/load-stops-list/ShowLess.vue,452
src/modules/orders/components/order-details/order-next-suggestions/__tests__/AlertModal.spec.ts,450
src/modules/bids-deprecated/events/BidEvents.ts,448
src/modules/bids-deprecated/store/mutations.ts,446
src/modules/bids-deprecated/store/mutations.spec.ts,446
src/modules/bids-deprecated/store/mocks/store.ts,446
src/modules/bids-deprecated/store/mocks/state.ts,446
src/modules/bids-deprecated/store/mocks/index.ts,446
src/modules/bids-deprecated/store/mocks/getters.ts,446
src/modules/bids-deprecated/store/index.ts,446
src/modules/bids-deprecated/store/getters.ts,446
src/modules/bids-deprecated/store/getters.spec.ts,446
src/modules/bids-deprecated/services/mocks/index.ts,446
src/modules/bids-deprecated/services/errors/index.ts,446
src/modules/bids-deprecated/services/errors/BiddingServiceErrors.spec.ts,446
src/modules/bids-deprecated/models/mocks/index.ts,446
src/modules/bids-deprecated/models/mocks/ResponseWrapper.ts,446
src/modules/bids-deprecated/models/index.ts,446
src/modules/bids-deprecated/models/BidCondition.ts,446
src/modules/bids-deprecated/models/BidCondition.spec.ts,446
src/modules/bids-deprecated/featureFlags.ts,446
src/modules/bids-deprecated/events/mocks/index.ts,446
src/modules/bids-deprecated/events/mocks/BidRepository.ts,446
src/modules/bids-deprecated/events/index.ts,446
src/modules/bids-deprecated/events/BidRepository.ts,446
src/modules/bids-deprecated/events/BidEventKeys.ts,446
src/modules/bids-deprecated/composition/useLowestBidPrice.ts,446
src/modules/bids-deprecated/composition/useBids.ts,446
src/modules/bids-deprecated/composition/index.ts,446
src/modules/bids-deprecated/base/helpers.ts,446
src/modules/bids-deprecated/base/helpers.spec.ts,446
src/modules/bids-deprecated/app/index.ts,446
src/modules/bids-deprecated/app/bidding-block/useCancelBidDialog.ts,446
src/modules/bids-deprecated/app/bidding-block/useCancelBidDialog.spec.ts,446
src/modules/bids-deprecated/app/bidding-block/useBidInAwaitingMatchingConfirmationState.ts,446
src/modules/bids-deprecated/app/bidding-block/useBidInAwaitingMatchingConfirmationState.spec.ts,446
src/modules/bids-deprecated/app/bidding-block/useBidInAcceptedState.ts,446
src/modules/bids-deprecated/app/bidding-block/index.ts,446
src/modules/bids-deprecated/app/bidding-block/confirm-bid-dialog/ConfirmBidDialog.vue,446
src/modules/bids-deprecated/app/bidding-block/bidding-statuses/useBiddingStatus.ts,446
src/modules/bids-deprecated/app/bidding-block/bidding-statuses/index.ts,446
src/modules/bids-deprecated/app/bidding-block/bidding-statuses/bid-status/index.ts,446
src/modules/bids-deprecated/app/bidding-block/bidding-statuses/bid-status/BidStatus.vue,446
src/modules/bids-deprecated/app/bidding-block/bidding-statuses/BiddingStatuses.vue,446
src/modules/bids-deprecated/app/bidding-block/bid-form/useBidForm.ts,446
src/modules/bids-deprecated/app/bidding-block/bid-form/index.ts,446
src/modules/bids-deprecated/app/bidding-block/awaiting-matching-confirmation-state/index.ts,446
src/modules/bids-deprecated/app/bidding-block/awaiting-matching-confirmation-state/AwaitingMatchingConfirmationState.vue,446
src/modules/bids-deprecated/app/bidding-block/accepted-state/index.ts,446
src/modules/bids-deprecated/app/bidding-block/accepted-state/AcceptedState.vue,446
src/modules/bids-deprecated/app/bidding-block-actions/index.ts,446
src/modules/bids-deprecated/app/bidding-block-actions/BiddingBlockActions.vue,446
src/modules/bids-deprecated/app/bid-table-cell/status/useBidStatus.ts,446
src/modules/bids-deprecated/app/bid-table-cell/status/useBidStatus.spec.ts,446
src/modules/bids-deprecated/app/bid-table-cell/status/OrderListBidStatus.vue,446
src/common/components/__tests__/TableNoResults.spec.ts,446
public/index.html,446
src/modules/orders/components/order-details/order-content/order-load-details/__tests__/OrderDetailsExpectedCost.spec.ts,443
src/modules/marketplace/components/orders/__tests__/OrderPalletExchangeTableCell.spec.ts,441
src/modules/marketplace/components/LoadMore/__tests__/LoadMore.spec.ts,441
src/modules/orders/classes/__tests__/SingleStop.spec.ts,439
src/common/base/casing.ts,439
src/modules/marketplace/components/orders/__tests__/OrderRouteTableCells.spec.ts,436
src/modules/accept-now/app/accept-now-block/AcceptNowBlock.vue,434
src/modules/bids/app/bid-details/cancel-bid-dialog/CancelBidDialog.vue,433
src/modules/bids/app/bidding-block/last-bid/LastBid.vue,431
src/orchestrated/tenants.ts,429
src/modules/orders/store/mutations.ts,429
src/orchestrator-setup.ts,427
src/modules/tender/components/tender-list/TenderList.vue,424
src/config.ts,424
src/modules/orders/events/OrderEventConsumer.ts,423
src/modules/filters/components/filter-bar/__tests__/BundleOptionsFilterDropdown.spec.ts,422
src/modules/orders/classes/MultiStop.ts,420
src/common/base/mixins/refreshDialogMixin.ts,415
src/modules/assignments/services/CarrierAssignmentService.ts,412
src/modules/assignments/components/__tests__/AssignmentRow.spec.ts,410
src/tracking/helpers.spec.ts,409
src/orchestrated/shared-data.ts,409
src/orchestrated/segment.ts,407
src/orchestrated/router.ts,407
src/modules/tender/components/tender-list/TenderList.spec.ts,405
src/modules/orders/components/order-details/order-content/order-bids/__tests__/PlaceBid.spec.ts,403
src/modules/marketplace/components/orders/useZeroResultsRecommendedOrdersHook.ts,402
src/common/classes/__tests__/DayDifference.spec.ts,402
src/common/classes/DayDifference.ts,402
lefthook.yml,401
src/common/components/BackButton.vue,400
src/modules/bids/app/bid-details/bid-input/BidInputWithCondition.vue,399
src/common/base/mixins/dataPolling.ts,399
webpack/webpack.mock.js,398
integration-tests/wdio.conf.ts,398
.prettierrc,398
.eslintrc.js,398
src/modules/orders/components/order-details/order-content/order-bids/__tests__/ChangeBid.spec.ts,397
src/common/components/table-plankton/TableRow.vue,397
src/modules/bids/app/bid-details/confirm-bid-dialog/ConfirmBidDialog.vue,394
src/modules/bids/app/bidding-block/bid-input/change-bid-condition/OrderChangeBidCondition.vue,392
src/modules/bids/app/bidding-block/bid-input/BidInputWithCondition.vue,392
integration-tests/readme.md,392
src/modules/accept-now/app/accept-now-block/AcceptNowBlock.spec.ts,389
src/common/components/load-stops-list/RouteDistance.vue,387
src/modules/accept-now/app/AcceptNowContent.spec.ts,385
src/common/components/table-plankton/__tests__/TableRow.spec.ts,384
src/modules/bids/app/bid-details/last-bid/LastBid.vue,383
src/modules/bids/app/bid-details/bid-input/change-bid-condition/OrderChangeBidCondition.vue,383
src/modules/orders/components/order-details/order-content/order-load-details/OrderDetailsExpectedCost.vue,380
.prettierignore,380
src/modules/tender/components/tender-list/TendersTableEmpty.vue,379
webpack/webpack.dev.js,377
src/modules/orders/components/order-details/order-content/order-load-details/order-route-details/VerticalStepper.vue,377
src/integrations/sentry.ts,377
src/common/services/VehicleTypesService.ts,375
src/modules/marketplace/components/orders/__tests__/OrderActionsButtonTableCell.spec.ts,373
src/modules/orders/base/__tests__/helpers.spec.ts,371
src/modules/assignments/components/__tests__/AssignmentsFilters.spec.ts,371
src/common/components/load-stops-list/__tests__/verticalStepper.spec.ts,371
catalog-info.yaml,363
src/modules/accept-now/app/AcceptNowContent.vue,362
src/common/http/axios-client.ts,357
src/modules/orders/components/order-details/order-content/order-bids/CancelBidDialog.vue,354
src/modules/orders/components/order-details/order-footer/OrderDetailsFloatingBlock.vue,351
src/modules/marketplace/components/table/__tests__/Table.spec.ts,350
src/common/http/axios-client.spec.ts,349
src/modules/accept-now/events/AcceptNowEventConsumer.spec.ts,346
src/orchestrated/index.ts,345
src/modules/orders/components/common/AcceptNowConfirmDialog.vue,344
src/modules/orders/components/order-details/order-content/order-load-details/order-map/OrderDetailsMap.vue,342
src/modules/marketplace/components/orders/useZeroResultsRecommendedOrdersHook.spec.ts,342
src/types/sharedData.d.ts,338
src/tenant-permissions.ts,336
src/modules/orders/components/order-details/order-content/order-mobile/__tests__/OrderBidBlock.spec.ts,333
src/modules/orders/components/order-details/order-content/order-mobile/OrderBidBlock.vue,333
src/modules/orders/components/order-details/order-content/order-bids/ConfirmBidDialog.vue,333
src/modules/orders/components/order-details/order-content/order-bids/BidInputWithCondition.vue,333
src/store/actions.ts,330
src/orchestrated/README.md,326
src/modules/filters/components/filter-add/SaveFilterConfirmDialog.spec.ts,326
src/modules/filters/components/filter-add/FilterActions.spec.ts,326
mkdocs.yaml,326
src/modules/orders/components/order-details/test-helpers/OrderDetailsPageWrapper.ts,323
src/modules/orders/components/order-details/order-content/order-bids/OrderBid.vue,322
src/modules/accept-now/events/AcceptNowEventConsumer.ts,321
src/modules/tender/components/tender-details/tender-content/tender-load-details/__tests__/HeaderSlot.spec.ts,309
src/modules/tender/components/tender-details/__tests__/Loader.spec.ts,309
src/modules/accept-now/app/accept-now-action/AcceptNowAction.vue,302
src/modules/orders/components/order-details/order-content/order-bids/__tests__/CancelBid.spec.ts,290
src/common/http/casing.ts,286
src/common/http/casing.spec.ts,286
src/modules/orders/components/order-details/order-content/order-bids/__tests__/OrderBid.spec.ts,282
src/modules/accept-now/app/accept-now-action/AcceptNowAction.spec.ts,282
src/modules/orders/components/order-details/order-footer/__tests__/OrderDetailsFloatingBlock.spec.ts,281
src/modules/orders/components/order-details/order-content/order-bids/__tests__/OrderChangeBidCondition.spec.ts,281
src/modules/orders/tracking/OrderListEvents.ts,277
src/modules/orders/components/order-details/order-content/order-bids/accept-now/AcceptNow.vue,275
src/modules/accept-now/models/mocks/accept-now-mock.ts,274
src/modules/orders/components/common/__tests__/AcceptNowConfirmDialog.spec.ts,272
src/modules/orders/types/storeTypes.ts,269
src/modules/tender/components/tender-list/TenderTableRow.spec.ts,267
src/modules/orders/mocks/NLS-mock.ts,265
src/modules/tender/components/tender-details/TenderError.vue,264
src/modules/bids/app/bid-details/PlaceBid.spec.ts,264
src/modules/tender/components/tender-list/tender-table-row/TenderTableCellBidClosing.vue,260
src/modules/orders/components/order-details/order-content/order-bids/accept-now/__tests__/AcceptNow.spec.ts,257
src/modules/orders/components/order-details/order-content/order-bids/OrderChangeBidCondition.vue,257
src/modules/orders/components/order-details/order-content/order-bids/LastBid.vue,257
src/modules/orders/components/order-details/order-content/order-bids/CTAButtons.vue,257
src/modules/tender/components/tender-details/tender-content/tender-bids/TenderWeekLoadChooser.vue,256
src/modules/tender/components/tender-details/tender-content/tender-bids/TenderPriceBidInput.vue,256
src/modules/accept-now-deprecated/app/AcceptNowContent.spec.ts,253
src/modules/bids/app/bid-details/OrderBid.spec.ts,251
src/modules/accept-now/events/AcceptNowEvents.ts,251
src/common/components/table/TableCell.vue,251
src/tracking/segment.ts,250
src/modules/marketplace/components/MarketplaceTabs.spec.ts,246
src/modules/filters/components/filter-details/FilterComponent.spec.ts,240
src/modules/accept-now/tracking/AcceptNowEventConsumer.ts,240
src/modules/bids/app/bid-details/ChangeBid.spec.ts,239
src/modules/accept-now/tracking/AcceptNowEvents.ts,239
src/modules/orders/classes/__tests__/BidCondition.spec.ts,238
src/modules/orders/classes/BidCondition.ts,238
src/modules/filters/components/filter-add/FilterActions.vue,238
src/modules/orders/components/order-details/order-content/order-bids/__tests__/BidInputWithCondition.spec.ts,237
src/modules/filters/components/filter-add/SaveFilterConfirmDialog.vue,235
src/modules/filters/components/filter-list/FilterList.spec.ts,234
src/modules/orders/mocks/MarketplaceClient.mock.ts,232
src/modules/tender/components/tender-list/TendersNoResults.spec.ts,231
src/modules/accept-now-deprecated/app/accept-now-block/AcceptNowBlock.spec.ts,231
src/modules/accept-now-deprecated/app/accept-now-action/AcceptNowAction.spec.ts,231
src/modules/marketplace/components/orders/MarketplaceTableTitles.vue,230
src/modules/marketplace/components/Marketplace.spec.ts,230
src/modules/filters/components/filter-list/SavedLaneList.vue,230
src/modules/tender/components/tender-details/tender-header/__tests__/TenderHeader.spec.ts,229
src/modules/tender/components/tender-details/tender-header/__tests__/DetailsHeader.spec.ts,229
src/modules/tender/components/tender-details/tender-header/__tests__/BackButton.spec.ts,229
src/modules/tender/components/tender-details/tender-header/TenderHeader.vue,229
src/modules/tender/components/tender-details/tender-header/DetailsHeader.vue,229
src/modules/tender/components/tender-details/tender-header/BackButton.vue,229
src/common/testing/store.ts,226
src/common/components/RouteBackToButton.spec.ts,224
src/modules/marketplace/tracking/SearchRepository.ts,222
src/modules/tender/components/tender-list/tender-table-row/TenderTableRow.vue,218
src/modules/tender/components/tender-list/tender-table-row/TenderTableCellWeeklyVolume.vue,218
src/modules/tender/components/tender-list/tender-table-row/TenderTableCellVehicleTypes.vue,218
src/modules/tender/components/tender-list/tender-table-row/TenderTableCellOriginDestination.vue,218
src/modules/tender/components/tender-details/tender-content/tender-load-details/TenderSpecifications.vue,218
src/modules/tender/components/tender-details/tender-content/tender-load-details/TenderRequirements.vue,218
src/modules/tender/components/tender-details/tender-content/tender-bids/TenderBidChangeDialog.vue,218
src/modules/bids/tracking/trackBidEvent.spec.ts,218
src/common/components/table/TableRow.vue,218
src/common/components/table/Table.vue,218
src/common/components/load-stops-list/RouteStep.vue,218
src/common/components/load-stops-list/LineDashedIcon.vue,218
src/common/components/load-stops-list/EllipseIcon.vue,218
src/styles/style.scss,217
src/modules/orders/components/order-details/order-next-suggestions/NextLoadSuggestionRow.vue,217
src/modules/design/components/Accordion.spec.ts,217
src/modules/marketplace/components/MarketplaceAllLoads.spec.ts,214
src/modules/filters/components/filter-list/FiltersCarousel.spec.ts,214
src/modules/filters/components/filter-edit/FilterEditDialog.spec.ts,214
src/modules/filters/components/filter-details/FilterMenus.spec.ts,214
src/modules/filters/components/filter-details/FilterDetails.spec.ts,214
jest.config.js,212
src/modules/accept-now/app/accept-now-block/useAcceptNowBlock.ts,211
src/modules/orders/components/order-details/order-content/order-load-details/order-route-details/LoadStopsList.vue,207
src/modules/marketplace/events/MarketplaceEvents.ts,207
src/modules/marketplace/events/MarketplaceEventKeys.ts,207
src/modules/marketplace/events/MarketplaceEventConsumer.ts,207
src/modules/tender/components/tender-list/TendersTable.spec.ts,206
src/modules/orders/services/BiddingRegularOrderService.ts,206
src/modules/accept-now/events/AcceptNowEventKeys.ts,206
src/modules/bids/tracking/BidEventConsumer.ts,204
src/modules/bids/tracking/BidEvents.ts,202
src/modules/bids/tracking/index.ts,198
src/modules/bids/models/RegularBid.spec.ts,198
src/modules/orders/services/__tests__/BiddingRegularOrderService.spec.ts,197
src/common/enums/stopTypes.ts,197
src/store/helpers.ts,192
src/modules/orders/components/order-details/order-content/order-bids/__tests__/UpdateBid.spec.ts,192
src/modules/orders/components/order-details/order-content/order-bids/UpdateBid.vue,192
src/modules/orders/services/BiddingSpotOrderService.ts,191
src/modules/accept-now-deprecated/app/AcceptNowConfirmDialog.spec.ts,191
src/modules/orders/services/__tests__/BiddingSpotOrderService.spec.ts,190
src/modules/orders/components/order-details/order-next-suggestions/OrderRouteTableCells.vue,189
src/experiments/accept-now/useAcceptNowExperiment.spec.ts,189
src/modules/orders/services/BiddingOrderService.ts,188
src/modules/marketplace/tracking/SearchRepository.spec.ts,188
src/modules/accept-now-deprecated/app/accept-now-action/AcceptNowAction.vue,187
src/modules/marketplace/store/actions-types.ts,185
src/modules/accept-now/models/accept-now-dialog.ts,182
src/common/base/notifications.ts,181
src/modules/accept-now/featureFlags.ts,175
src/modules/accept-now/composition/useAcceptNow.ts,175
src/modules/orders/components/order-details/OrderDetailsRefreshDialog.vue,174
src/modules/bids/models/SpotBid.spec.ts,173
src/modules/orders/events/OrderEventKeys.ts,171
src/events/EventBus.ts,171
src/modules/orders/events/mocks/OrderRepository.ts,170
src/modules/orders/events/OrderRepository.ts,170
src/modules/orders/components/order-details/order-next-suggestions/AlertModal.vue,170
src/modules/marketplace/store/mocks/getters.ts,170
src/common/components/TableRow.vue,168
src/common/components/TableCell.vue,168
src/styles/style-variables.scss,166
src/modules/filters/components/filter-bar/RefreshOrders.vue,166
src/modules/filters/events/FilterEventKeys.ts,165
src/common/enums/biddingApiErrors.ts,165
.husky/pre-commit,162
src/modules/marketplace/tracking/mocks/SearchRepository.ts,160
src/modules/filters/components/filter-list/FilterCard.vue,160
src/modules/orders/classes/SpotBid.ts,159
src/modules/filters/store/mocks/getters.ts,158
src/experiments/accept-now/components/NumberOfBids.spec.ts,158
src/experiments/accept-now/components/AcceptNowBanner.spec.ts,158
src/common/services/errors/BiddingServiceErrors.ts,157
src/modules/orders/tracking/mocks/index.ts,156
src/modules/orders/tracking/mocks/OrderRepository.ts,156
src/modules/orders/classes/RegularBid.ts,156
src/modules/bids/app/bid-details/CancelBid.spec.ts,156
src/modules/orders/components/order-details/order-header/__tests__/LoadBundlesTabs.spec.ts,155
src/assets/svgs/roundtrip.svg,155
src/modules/orders/classes/__tests__/SpotBid.spec.ts,153
src/modules/bids/app/bid-details/floating-block/OrderDetailsFloatingBlock.vue,153
src/modules/orders/mocks/loadBundlesMock.ts,151
src/modules/accept-now/composition/index.ts,151
src/experiments/accept-now/useAcceptNowExperiment.ts,151
src/common/services/errors/__tests__/BiddingServiceErrors.spec.ts,151
src/modules/orders/classes/__tests__/RegularBid.spec.ts,150
src/modules/accept-now-deprecated/services/AcceptNowService.spec.ts,150
src/modules/tender/store/index.ts,149
src/modules/filters/components/filter-list/FilterList.vue,149
src/modules/filters/components/filter-details/FilterComponent.vue,149
src/auth.ts,147
src/modules/orders/components/order-details/order-content/useSelectedOrder.ts,146
src/modules/orders/components/order-details/order-content/useSelectedOrder.spec.ts,146
src/modules/orders/components/order-details/__tests__/OrderDetailsPageWrapper.ts,146
src/modules/filters/services/errors/SavedLaneServiceErrors.ts,146
src/modules/filters/services/errors/SavedLaneServiceErrors.spec.ts,146
src/common/services/MarketplaceService.ts,146
src/common/services/BiddingService.ts,146
src/modules/savedLanes/types/serviceTypes.ts,145
src/modules/savedLanes/store/actions.ts,145
src/modules/savedLanes/services/SavedLaneOrderService.ts,145
src/modules/savedLanes/segmentEvents.ts,145
src/modules/savedLanes/mocks/savedLanes.ts,145
src/modules/savedLanes/components/__tests__/SavedLaneDetails.spec.ts,145
src/modules/savedLanes/components/__tests__/MarketplaceSavedLanes.spec.ts,145
src/modules/savedLanes/components/SavedLaneWithOrders.vue,145
src/modules/savedLanes/components/SavedLaneList.vue,145
src/modules/savedLanes/components/SavedLaneEditDialog.vue,145
src/modules/savedLanes/components/SavedLaneDetails.vue,145
src/modules/savedLanes/components/SavedLane.vue,145
src/modules/savedLanes/base/dependencies.ts,145
src/modules/orders/tracking/OrderDetailsEvents.ts,144
src/modules/next-load-suggestions-deprecated/app/order-next-suggestions/__tests__/NextLoadSuggestions.spec.ts,144
src/modules/filters/models/Filter.ts,144
src/common/analytics/SegmentObserver.ts,142
src/modules/next-load-suggestions-deprecated/app/order-next-suggestions/NextLoadSuggestionRow.spec.ts,141
src/tracking/segmentEvents.ts,140
src/modules/orders/components/order-details/order-content/order-load-details/order-route-details/__tests__/RouteStep.spec.ts,140
src/modules/orders/components/order-details/order-content/order-load-details/order-route-details/__tests__/RouteNotes.spec.ts,140
src/modules/orders/components/order-details/order-content/order-bids/__tests__/UpdateBidWrapper.ts,140
src/modules/accept-now-deprecated/app/accept-now-block/AcceptNowBlock.vue,140
src/modules/orders/mocks/MarketplaceService.mock.ts,139
src/common/components/MapPlaceholder.vue,139
src/modules/accept-now/app/index.ts,138
src/common/components/NonAccessPlaceholder.spec.ts,138
src/events/mocks/EventBus.ts,137
src/modules/transport-offers/services/LoadService.ts,136
src/marketplace.ts,136
src/modules/orders/components/common/__tests__/RouteAddress.spec.ts,135
src/modules/filters/components/filter-bar/RefreshOrders.spec.ts,134
src/common/components/table/__tests__/TableTitles.spec.ts,134
src/modules/design/components/Accordion.vue,133
src/experiments/accept-now/mocks/useAcceptNowExperiment.ts,132
src/experiments/accept-now/VariantA.ts,132
src/experiments/accept-now/ControlGroup.ts,132
src/styles/fonts.scss,131
src/styles/dialog-style.scss,131
src/styles/animations.scss,131
src/modules/tender/styles/responsive.scss,131
src/modules/tender/classes/tender-details/LoadRequirement.ts,131
src/modules/accept-now-deprecated/app/AcceptNowContent.vue,131
src/common/components/table/__tests__/TableRow.spec.ts,131
src/common/components/table/__tests__/TableCell.spec.ts,131
src/common/components/table/TableTitles.vue,131
src/common/components/load-stops-list/__tests__/RouteStep.spec.ts,131
src/assets/svgs/no-saved-lanes.svg,131
src/assets/svgs/destination_arrow_long.svg,131
src/assets/svgs/destination_arrow.svg,131
src/assets/svgs/404_500_ODV.svg,131
src/assets/pngs/no-route-map-placeholder.png,131
src/modules/orders/tracking/index.ts,130
src/events/trackCustomEvent.spec.ts,130
src/events/mocks/TestEvent.ts,128
src/modules/filters/store/actions.spec.ts,127
src/modules/filters/mocks/savedLanes.ts,127
src/modules/orders/OrderEvent.ts,126
src/modules/transport-offers/services/CharteringLoadService.ts,125
src/modules/transport-offers/services/CharteringLoadService.spec.ts,125
src/modules/transport-offers/services/CarrierLoadService.ts,125
src/modules/transport-offers/services/CarrierLoadService.spec.ts,125
src/modules/orders/services/CarrierOrderService.ts,125
src/modules/orders/services/CarrierOrderService.spec.ts,125
src/modules/next-load-suggestions/app/order-next-suggestions/NextLoadSuggestionRow.vue,125
src/modules/filters/components/filter-details/FilterMenus.vue,125
src/common/components/load-stops-list/RouteStep copy.vue,125
src/modules/bids/tracking/BidRepository.ts,124
src/modules/bids/app/bid-details/floating-block/OrderDetailsFloatingBlock.spec.ts,124
src/modules/accept-now/services/index.ts,124
src/common/types/stopTypes.ts,124
src/common/components/load-stops-list/TimezoneAcronym.spec.ts,124
src/modules/orders/services/transformers/chartering-transformers.ts,123
src/modules/marketplace/components/MarketplaceAllLoads.vue,123
src/modules/filters/store/mutation.spec.ts,123
src/modules/filters/store/getters.spec.ts,123
src/modules/filters/services/mocks/index.ts,123
src/modules/filters/services/mocks/SavedLaneClient-mock.ts,123
src/modules/filters/services/mocks/FilterService-mock.ts,123
src/modules/filters/services/errors/FilterServiceErrors.ts,123
src/modules/filters/services/errors/FilterServiceErrors.spec.ts,123
src/modules/filters/services/FilterService.ts,123
src/modules/filters/services/FilterService.spec.ts,123
src/modules/filters/models/filter-mappers.ts,123
src/modules/filters/components/filter-list/FiltersCarousel.vue,123
src/modules/filters/components/filter-edit/FilterEditDialog.vue,123
src/modules/filters/components/filter-details/FilterDetails.vue,123
src/modules/accept-now/composition/useAcceptNow.spec.ts,123
src/modules/marketplace/analytics/SegmentObserver.ts,122
src/modules/bids/app/bid-details/bid-input/BidInputWithCondition.spec.ts,122
src/modules/orders/services/transformers/common-transformers.ts,120
src/modules/filters/store/action-types.ts,120
src/modules/accept-now/composition/useAcceptNowNotification.ts,120
src/modules/accept-now/composition/useAcceptNowNotification.spec.ts,120
src/modules/Marketplace.vue,120
src/modules/orders/services/transformers/marketplace-transformers.spec.ts,119
src/modules/orders/services/transformers/chartering-transformers.spec.ts,119
src/modules/filters/components/common/TypeAheadField.spec.ts,119
src/modules/bids/tracking/BidEventConsumer.spec.ts,119
src/modules/bids/tracking/BidEventBusEvents.ts,119
src/modules/bids/app/CancelBid.spec.ts,119
src/modules/accept-now/events/index.ts,119
src/tenants.ts,118
src/modules/accept-now-deprecated/models/accept-now.ts,117
src/modules/savedLanes/components/common/__tests__/RadiusFilter.spec.ts,116
src/modules/savedLanes/components/common/__tests__/RadiusAddressWrapper.spec.ts,116
src/modules/savedLanes/components/common/__tests__/DropdownFilter.spec.ts,116
src/modules/savedLanes/components/common/RadiusFilter.vue,116
src/modules/savedLanes/components/common/RadiusAddressWrapper.vue,116
src/modules/savedLanes/components/common/DropdownFilter.vue,116
src/modules/savedLanes/components/MarketplaceSavedLanes.vue,116
src/modules/savedLanes/components/MarketplaceFilters.vue,116
src/modules/bids/tracking/BiddingEventKeys.ts,116
src/event-tracking/mocks/EventBus.ts,116
src/event-tracking/index.ts,116
src/event-tracking/EventBus.ts,116
src/error-handler.ts,116
src/modules/orders/classes/SingleStop.ts,115
src/modules/marketplace/components/orders/complementary-loads/ComplementaryLoads.spec.ts,115
src/modules/filters/components/filter-add/DateRangePicker.spec.ts,115
src/modules/filters/components/common/VehicleTypesFilter.spec.ts,115
src/modules/accept-now/app/accept-now-action/index.ts,115
src/modules/tender/components/tender-list/tender-table-row/TenderBidStatus.spec.ts,114
src/layouts/MainLayout.vue,113
src/event/EventBus.ts,113
src/common/mocks/loadBundlesMock.ts,113
src/modules/next-load-suggestions-deprecated/app/order-next-suggestions/__tests__/AlertModal.spec.ts,112
src/modules/filters/store/mutations-types.ts,112
src/modules/filters/store/getter-types.ts,112
src/logger.ts,111
src/event/index.ts,111
src/common/components/load-stops-list/VerticalStepper.vue,111
microfrontends/loader.ts,111
microfrontends/index.ts,111
microfrontends/example.ts,111
microfrontends/ReadMe.md,111
src/modules/accept-now-deprecated/services/AcceptNowService.ts,110
src/modules/accept-now-deprecated/events/AcceptNowRepository.ts,110
src/modules/accept-now-deprecated/events/AcceptNowRepository.spec.ts,110
src/modules/accept-now-deprecated/composition/useAcceptNow.ts,110
src/modules/accept-now-deprecated/composition/useAcceptNow.spec.ts,110
src/modules/accept-now-deprecated/app/accept-now-block/useAcceptNowBlock.ts,110
src/events/trackCustomEvent.ts,110
src/events/index.ts,110
src/events/EventBus.spec.ts,110
src/modules/bids/app/bid-details/cta-buttons/CTAButtons.vue,109
src/modules/orders/services/transformers/marketplace-transformers.ts,108
src/modules/accept-now/app/accept-now-block/index.ts,107
src/common/services/interfaces/IRestHeader.ts,107
src/modules/savedLanes/types/storeTypes.ts,106
src/modules/savedLanes/types/interfaces.ts,106
src/modules/savedLanes/types/enums.ts,106
src/modules/savedLanes/store/mutations.ts,106
src/modules/savedLanes/store/mutations-types.ts,106
src/modules/savedLanes/store/index.ts,106
src/modules/savedLanes/store/getters.ts,106
src/modules/savedLanes/store/getter-types.ts,106
src/modules/savedLanes/store/action-types.ts,106
src/modules/savedLanes/components/__tests__/SavedLanesNoResults.spec.ts,106
src/modules/savedLanes/components/__tests__/SavedLaneCarousel.spec.ts,106
src/modules/savedLanes/components/__tests__/SavedLane.spec.ts,106
src/modules/savedLanes/components/SavedLanesNoResults.vue,106
src/modules/savedLanes/components/SavedLanesCarousel.vue,106
src/modules/savedLanes/components/SavedLaneConfirmDialog.vue,106
src/modules/savedLanes/base/helpers.ts,106
src/modules/orders/components/order-details/order-header/OrderDetailsPagination.spec.ts,106
src/modules/accept-now/models/index.ts,106
src/modules/next-load-suggestions/app/order-next-suggestions/NextLoadSuggestions.vue,105
src/modules/assignments/services/AssignmentService.mock.ts,105
src/modules/transport-offers/services/LoadService.spec.ts,104
src/common/base/helpers.spec.ts,104
src/modules/accept-now-deprecated/models/mocks/accept-now-mock.ts,103
src/common/services/authService.ts,103
src/modules/marketplace/Marketplace.vue,102
src/common/http/mocks/http-client.mocks.ts,102
src/common/compositions/index.ts,102
src/modules/filters/components/common/RadiusAddressWrapper.vue,101
src/modules/orders/tracking/OrderRepository.ts,100
src/modules/orders/events/OrderRepository.spec.ts,100
src/modules/accept-now-deprecated/app/AcceptNowConfirmDialog.vue,100
src/common/components/load-stops-list/Stop.vue,99
src/common/components/TermsAndConditions.spec.ts,99
src/modules/marketplace/components/LoadMore/LoadMore.vue,98
src/modules/accept-now/models/mocks/index.ts,98
src/modules/orders/store/index.ts,97
src/filters/application/useFilters.ts,97
src/modules/accept-now/services/mocks/index.ts,96
src/modules/accept-now/services/mocks/AcceptNowService.ts,96
src/modules/accept-now/segmentEvents.ts,96
src/modules/accept-now/events/mocks/index.ts,96
src/modules/accept-now/events/mocks/AcceptNowRepository.ts,96
src/modules/accept-now/events/AcceptNowRepository.ts,96
src/modules/accept-now/events/AcceptNowRepository.spec.ts,96
src/types/custom.d.ts,95
src/modules/assignments/Assignments.vue,95
src/modules/orders/components/order-details/order-content/order-load-details/order-map/OrderDetailsMapFixedHeight.vue,94
src/modules/constants.ts,94
src/experiments/accept-now/ExperimentVariation.ts,94
src/events/mocks/index.ts,94
src/modules/filters/components/MarketplaceFilters.vue,93
src/common/mocks/sharedData.ts,93
src/common/components/load-stops-list/RouteNotes.vue,93
src/common/services/mocks/GenericService-mock.ts,92
src/common/services/custom-errors.ts,91
src/modules/orders/base/eventBus.ts,90
src/components/Assignments.vue,89
src/common/config/env.ts,89
src/store/getters.ts,88
src/modules/tender/components/tender-list/tender-table-row/TenderBidStatus.vue,88
src/modules/orders/classes/__tests__/MultiStop.spec.ts,88
src/filters/application/ports.ts,88
src/assets/svgs/check_mark.svg,88
babel.config.js,87
src/modules/marketplace/tracking/mocks/index.ts,86
src/modules/bids/tracking/mocks/index.ts,86
src/modules/bids/tracking/mocks/BidRepository.ts,86
src/modules/accept-now-deprecated/events/AcceptNowEvents.ts,86
src/modules/accept-now-deprecated/events/AcceptNowEventConsumer.ts,86
src/modules/accept-now-deprecated/events/AcceptNowEventConsumer.spec.ts,86
src/filters/application/use-cases/FilterByVehicleTypeUseCase.ts,86
src/event/mocks/EventBus.ts,86
src/event/TrackingEvent.ts,86
src/common/scripts/backendClient.js,86
src/common/featureFlags.ts,86
src/sentry.ts,85
src/modules/marketplace/components/orders/__tests__/OrderBundleTableCell.spec.ts,85
src/modules/next-load-suggestions/app/order-next-suggestions/OrderRouteTableCells.vue,84
src/modules/marketplace/events/MarketplaceEventConsumer.spec.ts,84
src/modules/accept-now-deprecated/services/index.ts,84
src/modules/accept-now-deprecated/models/mocks/index.ts,84
src/modules/accept-now-deprecated/models/index.ts,84
src/modules/accept-now-deprecated/models/accept-now-dialog.ts,84
src/modules/accept-now-deprecated/featureFlags.ts,84
src/modules/accept-now-deprecated/events/mocks/index.ts,84
src/modules/accept-now-deprecated/events/mocks/AcceptNowRepository.ts,84
src/modules/accept-now-deprecated/events/index.ts,84
src/modules/accept-now-deprecated/events/AcceptNowEventKeys.ts,84
src/modules/accept-now-deprecated/composition/useAcceptNowNotification.ts,84
src/modules/accept-now-deprecated/composition/useAcceptNowNotification.spec.ts,84
src/modules/accept-now-deprecated/composition/index.ts,84
src/modules/accept-now-deprecated/app/useAcceptNowConfirm.ts,84
src/modules/accept-now-deprecated/app/useAcceptNowConfirm.spec.ts,84
src/modules/accept-now-deprecated/app/index.ts,84
src/modules/accept-now-deprecated/app/accept-now-block/index.ts,84
src/modules/accept-now-deprecated/app/accept-now-action/index.ts,84
src/common/events/SharedDataRepository.ts,84
src/common/events/SharedDataRepository.spec.ts,84
src/modules/marketplace/components/table/Table.vue,83
src/modules/filters/filter-add/MarketplaceFilters.vue,83
src/common/services/errors/RefreshDialogError.ts,83
src/common/services/errors/ErrorService.ts,83
src/common/components/RefreshDialog.vue,83
src/modules/tender/services/TenderService.spec.ts,82
src/modules/next-load-suggestions/app/order-next-suggestions/NextLoadSuggestionRow.spec.ts,82
src/modules/marketplace/featureFlags.ts,80
src/modules/marketplace/services/MarketplaceOrderService.ts,79
src/experiments/accept-now/components/AcceptNowBanner.vue,79
src/experiments/accept-now/VariantB.ts,79
src/common/compositions/useFeatureFlag.ts,79
src/common/compositions/useFeatureFlag.spec.ts,79
src/modules/marketplace/components/orders/OrderSpecificationsTableCell.vue,77
src/modules/marketplace/components/orders/OrderPalletExchangeTableCell.vue,77
src/modules/design/components/FallbackFetchAgain.vue,77
src/filters/application/use-cases/FilterByDropOffLocationUseCase.ts,77
src/common/http/models/mocks/http-client-mock.ts,75
src/event/EventBus.spec.ts,74
src/common/base/constants.ts,74
src/modules/bids/app/bid-details/OrderBidBlock.vue,73
src/common/services/MothershipService.ts,73
src/modules/bids/app/bidding-block/useBiddingStatuses.ts,72
src/modules/bids/app/bidding-block/useBiddingStatuses.spec.ts,72
src/languages.ts,72
src/event/trackCustomEvent.ts,72
src/event/trackCustomEvent.spec.ts,72
src/event/mocks/index.ts,72
src/event/mocks/TestEvent.ts,72
src/experiments/accept-now/featureFlags.ts,71
src/modules/orders/events/mocks/index.ts,70
src/modules/orders/events/index.ts,70
src/common/http/errors/GenericServiceErrors.ts,70
src/common/mocks/vehicleTypes.mock.ts,69
src/modules/savedLanes/types/helpers.ts,68
src/modules/bids/app/bidding-block/CancelBid.spec.ts,68
src/layouts/PageContent.vue,68
src/filters/services/RouterService.ts,68
.nvmrc,68
src/modules/filters/components/filter-add/DateRangePicker.vue,67
src/modules/filters/components/common/VehicleTypesFilter.vue,67
src/experiments/accept-now/components/NumberOfBidsHeader.vue,67
src/experiments/accept-now/components/NumberOfBids.vue,67
src/experiments/accept-now/VariantC.ts,67
src/common/services/mocks/ServiceHelpers.ts,67
src/common/services/helpers.ts,67
src/common/services/__tests__/helpers.spec.ts,67
src/modules/bids/services/BiddingCharteringService.ts,66
src/modules/bids/services/BiddingCharteringService.spec.ts,66
src/common/components/load-stops-list/LoadStopsList.vue,66
src/bootstrap-local-config.ts,66
public/favicon.ico,66
src/types/localData.d.ts,65
src/modules/accept-now/tracking/index.ts,65
src/modules/accept-now/tracking/AcceptNowEventKeys.ts,65
src/global-setup.ts,65
src/filters/application/use-cases/FilterByPickupLocationUseCase.ts,65
src/common/config/links.js,65
src/modules/next-load-suggestions-deprecated/composition/useNextLoadSuggestions.ts,64
src/modules/next-load-suggestions-deprecated/composition/useNextLoadSuggestions.spec.ts,64
src/modules/bids/tracking/mocks/BidEventConsumer.ts,64
src/modules/bids/tracking/BidEventTracker.ts,64
src/modules/bids/services/BiddingService.ts,64
src/modules/bids/services/BiddingCarrierService.ts,64
src/modules/bids/services/BiddingCarrierService.spec.ts,64
src/modules/bids/models/ResponseWrapper.ts,64
src/modules/bids/app/bidding-block/cta-buttons/CTAButtons.vue,64
src/modules/bids/app/bidding-block/bid-input/change-bid-condition/OrderChangeBidCondition.spec.ts,64
src/modules/bids/app/bidding-block/bid-input/BidInputWithCondition.spec.ts,64
src/modules/bids/app/bidding-block/PlaceBid.spec.ts,64
src/modules/bids/app/bidding-block/ChangeBid.spec.ts,64
src/modules/accept-now/tracking/mocks/index.ts,64
src/modules/accept-now/tracking/mocks/AcceptNowEventConsumer.ts,64
src/event/EventTracker.ts,64
src/event/EventTracker.spec.ts,64
webpack/dev-config.js,63
src/modules/transport-offers/feature-flags.ts,63
src/modules/bids/events/BidEventBusEvents.ts,63
src/marketplace-shared-data.ts,63
src/events/TrackingEvent.ts,63
src/events/AmplitudeEvent.ts,63
src/modules/bids-deprecated/services/BiddingLegacyOrderService.ts,62
src/modules/bids-deprecated/services/BiddingLegacyOrderService.spec.ts,62
src/modules/orders/services/errors/OrderServiceErrors.ts,61
src/modules/assignments/services/__tests__/CarrierAssignmentService.spec.ts,59
src/modules/bids/app/bid-details/bid-input/change-bid-condition/OrderChangeBidCondition.spec.ts,57
src/modules/bids/app/bid-details/OrderBidBlock.spec.ts,57
src/filters/repositories/FilterRepository.ts,57
src/common/services/enums/apiErrors.ts,57
src/modules/marketplace/models/mocks/index.ts,56
src/common/services/SennderContactService.ts,55
src/common/components/load-stops-list/LineDashedIcon copy.vue,55
src/components/Home.vue,54
src/components/About.vue,54
src/common/services/SavedLanesService.ts,54
src/modules/design/index.ts,53
src/modules/accept-now/AcceptNowEvent.ts,52
src/common/components/table-plankton/__tests__/TableCell.spec.ts,52
src/common/components/table-plankton/TableCell.vue,52
README.md,52
src/routes.spec.ts,51
src/modules/next-load-suggestions/featureFlags.ts,51
src/modules/next-load-suggestions/app/order-next-suggestions/__tests__/AlertModal.spec.ts,51
src/modules/next-load-suggestions/app/order-next-suggestions/AlertModal.vue,51
src/modules/marketplace/components/orders/__tests__/OrderSpecificationsTableCell.spec.ts,51
src/modules/filters/filter-add/Sorting.vue,51
src/modules/filters/filter-add/RadiusAddressWrapper.vue,51
src/modules/filters/filter-add/MarketplaceListStatusBar.vue,51
src/modules/filters/filter-add/DropdownFilter.vue,51
src/modules/filters/filter-add/BundleOptionsFilterDropdown.vue,51
src/shims-vue.d.ts,50
src/shims-tsx.d.ts,50
src/sharedData.d.ts,50
src/orchestrated/interface.ts,50
src/coral.d.ts,50
src/common/mocks/rootstore.mock.ts,50
src/common/http/errors/RefreshDialogError.ts,49
ReadMe.md,49
src/modules/marketplace/components/orders/OrderRecommendation.vue,48
src/modules/filters/filter-add/ResetInputButton.vue,48
src/modules/filters/filter-add/RadiusFilter.vue,48
src/filters/application/use-cases/FilterLocationSearchUseCase.ts,48
src/components/OrderDetails.vue,48
src/common/components/RouteBackToButton.vue,48
src/common/compositions/useRoute.ts,47
src/common/compositions/mocks/useFeatureFlag-mock.ts,47
src/modules/marketplace/models/mocks/Orders.ts,46
webpack/webpack.local.js,45
src/styles/variables.scss,45
src/modules/marketplace/components/orders/useRecommendedLoads.ts,45
src/modules/marketplace/components/orders/useRecommendedLoads.spec.ts,45
src/index.ts,45
.prettierrc.json,45
.npmrc,45
.eslintrc.json,45
.eslintignore,45
src/modules/orders/components/common/RouteAddress.vue,44
src/modules/filters/events/index.ts,43
src/common/shell/di/index.ts,43
src/common/compositions/useRoute.spec.ts,43
jest.base.config.ts,43
src/modules/assignments/components/table/__tests__/TableRow.spec.ts,42
src/modules/assignments/components/table/__tests__/TableCell.spec.ts,42
src/modules/assignments/components/table/TableRow.vue,42
src/modules/assignments/components/table/TableCell.vue,42
src/filters/di/index.ts,41
src/modules/marketplace/classes/MarketplaceTab.ts,40
src/modules/marketplace/classes/BidCondition.ts,40
src/modules/bids-deprecated/composition/mocks/useBidActions.ts,40
src/common/services/MothershipLocations.ts,40
src/modules/orders/components/common/DayDifferenceExact.vue,39
src/modules/design/components/Loader.vue,39
src/modules/assignments/components/__tests__/ValidityCounter.spec.ts,39
src/common/types/ResponseWrapper.ts,39
src/common/components/load-stops-list/__tests__/loadStopsList.spec.ts,39
src/modules/next-load-suggestions-deprecated/app/order-next-suggestions/OrderRouteTableCells.vue,37
src/modules/next-load-suggestions-deprecated/app/order-next-suggestions/NextLoadSuggestionRow.vue,37
src/modules/bids/composition/useAcceptNowNotification/useAcceptNowNotification.ts,36
src/modules/bids/composition/useAcceptNowNotification/useAcceptNowNotification.spec.ts,36
src/filters/application/useFilters.spec.ts,36
src/common/base/compositions/notifications/usePushNotification.ts,36
src/common/base/compositions/notifications/usePushNotification.spec.ts,36
src/modules/orders/events/OrderEventBusEvents.ts,35
src/filters/services/FilterStorageService.ts,35
src/filters/application/use-cases/FilterLocationSearchUseCase.spec.ts,35
src/modules/marketplace/di/index.ts,34
src/modules/design/components/FloatingBlockOnScroll.vue,34
src/common/di/container.ts,34
src/modules/transport-offers/services/mocks/LoadService.mock.ts,33
src/experiments/time-auction/useTimeAuction.ts,33
src/experiments/time-auction/useTimeAuction.spec.ts,33
src/experiments/time-auction/mocks/useTimeAuction.ts,33
src/experiments/time-auction/components/TimeAuction.vue,33
src/experiments/time-auction/components/TimeAuction.spec.ts,33
src/common/components/load-stops-list/TimezoneAcronym.vue,33
src/modules/bids/services/BiddingService.spec.ts,32
src/common/types/feature-flags.ts,32
src/common/http/mocks/index.ts,32
src/common/http/mocks/headers.mocks.ts,32
jest.base.config.js,32
src/modules/transport-offers/services/mocks/index.ts,31
src/modules/next-load-suggestions-deprecated/app/order-next-suggestions/NextLoadSuggestions.vue,31
src/experiments/use-auth-v4/featureFlags.ts,31
src/components/Tenders.vue,31
src/components/TenderDetails.vue,31
src/tracking/index.ts,30
src/modules/orders/featureFlags.ts,30
src/modules/marketplace/tracking/index.ts,30
src/modules/marketplace/store/mocks/state.ts,30
src/store/getter.spec.ts,29
src/modules/notifications/index.ts,28
src/modules/notifications/compositions/usePushNotification.ts,28
src/modules/notifications/compositions/usePushNotification.spec.ts,28
src/modules/notifications/compositions/index.ts,28
src/modules/currencies/index.ts,28
src/modules/currencies/formatCurrency.ts,28
src/modules/currencies/formatCurrency.spec.ts,28
src/modules/currencies/currencies.ts,28
src/common/env.ts,28
src/services/TruckLoadStorage.ts,27
src/modules/orders/base/constants.ts,27
src/application/ports.ts,27
src/application/displayTruckloads.ts,27
src/application/displayTruckLoads.spec.ts,27
src/notifications/notifications.ts,26
src/modules/accept-now-deprecated/constants.ts,26
src/modules/accept-now-deprecated/composition/mocks/useAcceptNow.ts,26
src/store/useStore.ts,25
src/modules/marketplace/store/mocks/store.ts,25
src/modules/marketplace/store/mocks/index.ts,25
src/filters/application/use-cases/FilterPickupRadiusUseCase.ts,25
src/filters/application/use-cases/FilterDropOffRadiusUseCase.ts,25
src/common/compositions/useWindow.ts,25
src/common/compositions/useWindow.spec.ts,25
src/services/UIErrorService.ts,24
src/services/TruckLoadQuery.ts,24
src/notifications/notifications.spec.ts,24
src/notifications/index.ts,24
src/modules/marketplace/components/orders/complementary-loads/composition/useComplementaryLoads.ts,24
src/modules/marketplace/components/orders/complementary-loads/composition/useComplementaryLoads.spec.ts,24
src/modules/marketplace/components/orders/complementary-loads/composition/mocks/useComplementary.mocks.ts,24
src/modules/marketplace/components/orders/complementary-loads/composition/index.ts,24
src/modules/marketplace/components/orders/complementary-loads/ComplementaryLoadsHeader.vue,24
src/modules/marketplace/components/orders/complementary-loads/ComplementaryLoads.vue,24
src/domain/services/SearchRepository.ts,24
rspack/rspack.config.js,24
src/modules/tender/services/errors/TenderServiceError.ts,23
src/modules/tender/services/errors/TenderServiceError.spec.ts,23
src/modules/marketplace/store/mutations.spec.ts,23
src/modules/marketplace/store/getters.spec.ts,23
src/common/scripts/helpers.ts,23
src/common/scripts/constants.ts,23
src/common/mocks/orderIdMapping.mock.ts,23
src/common/http/errors/mocks/axios-error-mock.ts,23
src/modules/tender/services/TenderClient.ts,22
src/modules/tender/services/TenderClient.spec.ts,22
src/modules/tender/featureFlags.ts,21
src/modules/next-load-suggestions-deprecated/featureFlags.ts,21
src/modules/next-load-suggestions-deprecated/app/order-next-suggestions/AlertModal.vue,21
src/modules/filters/events/FilterEventBusEvents.ts,21
src/filters/responsibility.md,21
src/modules/filters/featureFlags.ts,19
src/experiments/time-auction/index.ts,19
src/experiments/time-auction/featureFlags.ts,19
src/experiments/time-auction/components/TimeAuctionHeader.vue,19
src/common/compositions/useUrlQueryParams.ts,19
src/common/components/BackButton.spec.ts,19
src/modules/accept-now/events/AcceptNowEventBusEvents.ts,18
src/filters/application/use-cases/LocationUseCase.ts,18
src/modules/orders/services/errors/OrderServiceErrors.spec.ts,17
src/filters/services/FilterRepository.ts,17
src/filters/application/use-cases/FilterByLocationUseCase.ts,17
src/common/http/request-manager.ts,17
src/common/http/request-manager.spec.ts,17
src/application/ApplicationFactory.ts,17
webpack/moduleFederationConfig.js,16
src/marketplace/ui/ComplementaryLoads.vue,16
src/marketplace/services/UIErrorService.ts,16
src/marketplace/services/TruckLoadStorage.ts,16
src/marketplace/services/TruckLoadQuery.ts,16
src/marketplace/domain/services/SearchRepository.ts,16
src/marketplace/application/ports.ts,16
src/marketplace/application/displayTruckloads.ts,16
src/marketplace/application/displayTruckLoads.spec.ts,16
src/marketplace/application/ApplicationFactory.ts,16
src/common/http/errors/custom-errors.ts,16
src/common/compositions/mocks/index.ts,16
src/modules/marketplace/events/index.ts,15
src/modules/filters/services/SavedLaneOrderService.spec.ts,15
src/filters/application/index.ts,15
src/common/compositions/useUrlQueryParams.spec.ts,15
src/modules/orders/store/__tests__/mutations.spec.ts,14
src/modules/orders/store/__tests__/getter.spec.ts,14
src/experiments/price-guidance/components/PriceGuidanceBanner.vue,14
src/common/compositions/useTotalDistance.ts,14
src/common/compositions/useTotalDistance.spec.ts,14
src/store/readme.md,13
src/modules/readme.md,13
src/modules/marketplace/readme.md,13
src/modules/inftrastructure/readme.md,13
src/modules/config/readme.md,13
src/modules/config/.gitkeep,13
src/modules/bids/services/.gitkeep,13
src/modules/bids/readme.md,13
src/modules/bids/models/.gitkeep,13
src/modules/bids/components/.gitkeep,13
src/languages/readme.md,13
src/components/Marketplace.vue,13
src/common/services/readme.md,13
src/common/services/RouterRepository.ts,13
src/common/readme.md,13
src/common/filter/readme.md,13
src/common/application/ports.ts,13
src/assets/palette_with_boxes.svg,13
src/integrations/monitoring.ts,12
src/common/compositions/useDomesticCarrier.ts,11
src/common/components/index.ts,10
src/modules/tender/services/TenerService.spec.ts,9
src/modules/tender/base/constants.ts,9
src/filters/application/use-cases/FilterByVehicleTypeUseCase.spec.ts,9
src/experiments/use-auth-v4/useAuthV4.ts,9
src/common/types/index.ts,9
src/modules/marketplace/di/container.ts,8
src/modules/design/components/BlockWithBorder.vue,8
src/filters/di/container.ts,8
src/di/container.ts,8
src/common/http/loggers/index.ts,8
src/common/http/errors/ErrorService.ts,8
src/common/components/TermsAndConditions.vue,8
.editorconfig,8
src/modules/orders/components/order-details/order-not-ready/index.ts,7
src/modules/orders/components/order-details/order-not-ready/OrderNotReady.vue,7
src/common/compositions/useSmartBanner.ts,7
src/common/compositions/useSmartBanner.spec.ts,7
src/common/compositions/useInterval.ts,7
src/common/compositions/useInterval.spec.ts,7
src/types/shims-vue.d.ts,6
src/types/shims-tsx.d.ts,6
src/types/coral.d.ts,6
src/modules/transport-offers/services/index.ts,6
src/modules/transport-offers/models/index.ts,6
src/modules/transport-offers/mocks/index.ts,6
src/modules/transport-offers/list/store/index.ts,6
src/modules/transport-offers/list/components/index.ts,6
src/modules/transport-offers/detail/store/index.ts,6
src/modules/transport-offers/detail/components/index.ts,6
src/modules/orders/classes/__tests__/DayDifferenceExact.spec.ts,6
src/modules/orders/classes/DayDifferenceExact.ts,6
src/filters/ui/useFilters.ts,6
src/filters/ui/useFilters.spec.ts,6
Dockerfile.e2e,6
